:020000040800F2
:10000000903A0020259900088597000887970008F6
:10001000899700088B9700088D9700080000000062
:10002000000000000000000000000000D76E000883
:100030008F97000800000000916E000821650008FD
:10004000A5990008A9990008AD990008B199000880
:10005000B5990008B9990008BD990008C199000830
:10006000C5990008C9990008CD990008D1990008E0
:10007000D599000891970008D9990008DD990008E2
:10008000E1990008E5990008E9990008ED99000850
:100090009B970008F1990008F5990008F999000864
:1000A000FD990008A5970008019A0008059A000824
:1000B000099A00080D9A0008119A0008159A00087C
:1000C000199A00081D9A0008219A0008259A00082C
:1000D000299A00082D9A0008319A0008359A0008DC
:1000E000399A00083D9A0008419A000830B585B059
:1000F0000400002C01D10120B6E094F8A9020028E8
:1001000005D1002084F8A802200001F053F8032054
:1001100084F8A902206801F021FA211D83B0684605
:10012000202202F0D1F90EBC206801F008FA002864
:1001300004D0022084F8A902012095E00021206863
:1001400001F016FA00210800C0B26268904233D272
:1001500001220B00DBB22820434304EB030080F8AC
:1001600029200A00D2B22820424304EB020080F882
:10017000281000220B00DBB22820434304EB0300CD
:1001800080F82B2000220B00DBB22820434304EB35
:100190000300826300220B00DBB22820434304EB00
:1001A0000300C26300220B00DBB22820434304EBB0
:1001B00003000264491CC6E700252800C0B261683C
:1001C000884236D200212A00D2B22820424304EBD2
:1001D000020080F869112900C9B22820414304EBCC
:1001E000010080F8685100212A00D2B22820424341
:1001F00004EB020080F86B1100212A00D2B2282003
:10020000424304EB0200C0F8781100212A00D2B268
:100210002820424304EB0200C0F87C1100212A0090
:10022000D2B22820424304EB0200C0F880116D1CBA
:10023000C3E7211D83B06846202202F045F90EBCB9
:10024000206801F098F9002804D0022084F8A9025F
:10025000012009E0002084F82400012084F8A9028C
:10026000206802F0C1F8002005B030BD10B50400D0
:1002700094F8A802012801D1022010E0012084F89E
:10028000A802206801F060F90121200001F03FF987
:10029000206802F0A6F8002084F8A802002010BD13
:1002A0007FB50400206802F0A2F80500280403D5F9
:1002B000200000F040FAC6E0680510D52068B0F8CC
:1002C00044104FF6FF3001402068A0F84410200091
:1002D00000F0C2FF0021200000F0B6F8B3E068048F
:1002E00009D52068B0F844104BF6FF700140206833
:1002F000A0F84410A7E0A80409D52068B0F844107D
:100300004DF6FF7001402068A0F844109BE0E8041F
:100310001ED52068B0F840104FF6FB7001402068F1
:10032000A0F840102068B0F840104FF6F770014078
:100330002068A0F84010200000F0B1FF2068B0F85D
:1003400044104EF6FF7001402068A0F844107AE097
:1003500028055DD500210800C0B208280BD220680E
:100360000A00D2B230F822006A460B00DBB222F853
:100370001300491CEFE72068B0F8400050F001007E
:100380002268A2F840002068B0F840204FF6FE70C6
:1003900002402068A0F840202068B0F844004005E2
:1003A000FAD52068B0F844204FF6FF3002402068AC
:1003B000A0F8442000263000C0B208280BD26846BE
:1003C0003100C9B230F8110021683200D2B221F8F0
:1003D0002200761CEFE72068B0F8400050F00800DB
:1003E0002168A1F840002068B0F844104FF2FF7077
:1003F00001402068A0F844102068B0F8400050F098
:1004000004002168A1F84000200000F038FF1AE045
:10041000A8050CD52068B0F844104FF6FF500140F5
:100420002068A0F84410200000F00FFF0BE0E80562
:1004300009D52068B0F844104FF6FF6001402068ED
:10044000A0F84410FFE77FBD38B504000D0094F814
:10045000A802012801D102200DE0012084F8A802A1
:1004600084F824502900C9B2206801F0B0FF0020B0
:1004700084F8A802002032BD2DE9F84304000D00E5
:1004800016001F005FF000082800C0B200060DD55E
:100490002900C9B211F007012820414304EB0100F3
:1004A00010F12809012089F801000CE02900C9B2E7
:1004B00011F007012820414304EB010010F5B47945
:1004C000002089F8010015F0070089F800003000CD
:1004D00080B2C9F8100089F803703800C0B2022851
:1004E00002D1002089F8040094F8A802012801D163
:1004F00002200BE0012084F8A8024946206801F0A0
:100500004BF8002084F8A8024046C0B2BDE8F28350
:1005100070B504000D002800C0B200060CD52900FB
:10052000C9B211F007012820414304EB010010F18A
:100530002806012070700BE02900C9B211F00701F4
:100540002820414304EB010010F5B47600207070C0
:1005500015F00700307094F8A802012801D102209C
:100560000AE0012084F8A8023100206801F0DDF9DA
:10057000002084F8A802002070BD2DE9F04104009D
:100580000D0016001F002900C9B211F00701282034
:10059000414304EB010010F5B478C8F81460C8F8C2
:1005A00018700020C8F81C00002088F8010015F021
:1005B000070088F800004146206801F09BFA0020FF
:1005C000BDE8F081C9B211F0070128225143084467
:1005D000D0F8840170472DE9F04104000D001600A9
:1005E0001F002900C9B211F007012820414304EB84
:1005F000010010F12808C8F81460C8F8187001202C
:1006000088F82400C8F820700020C8F81C000120D9
:1006100088F8010015F0070088F8000041462068BE
:1006200001F068FA0020BDE8F08170B504000D000B
:1006300060682900C9B211F00701884201D2012087
:1006400038E02800C0B200060CD52900C9B211F06C
:1006500007012820414304EB010010F12806012086
:10066000707009E02900C9B22820414304EB010061
:1006700010F5B476002070700120B07015F00700FE
:10068000307094F8A802012801D1022012E0012064
:1006900084F8A8023100206801F021FE15F0070F50
:1006A00004D114F52C71206801F0A5FE002084F817
:1006B000A802002070BD70B504000D00606829001C
:1006C000C9B211F00F01884201D2012032E02800A6
:1006D000C0B200060CD52900C9B211F007012820CC
:1006E000414304EB010010F12806012070700BE07B
:1006F0002900C9B211F007012820414304EB010091
:1007000010F5B476002070700020B07015F007006E
:10071000307094F8A802012801D102200AE00120DB
:1007200084F8A8023100206801F0FEFD002084F862
:10073000A802002070BD2DE9FE4F04002068B0F82B
:100740004400000440F16A822068B0F84400ADF82B
:100750000200BDF8020010F00F0080464046C0B213
:10076000002840F0ED80BDF80200C00635D42068B6
:10077000018848F60F70014051F400412068018063
:1007800014F1280005002068B0F85000297810EB1B
:10079000C100216811EB400101F20441088880B2D8
:1007A0008005800DE8616869E96908446861002195
:1007B000200000F039FD94F824000028BED0A8697C
:1007C0000028BBD194F8240050F080002168A1F8E3
:1007D0004C00002084F82400B0E714F5B470050044
:1007E000206800880700380524D52068B0F850003C
:1007F000297810EBC100216811EB400101F20C4196
:10080000088880B28005800DE861EB699BB2EA88B8
:1008100014F52C71206801F018FE2068018840F65C
:100820008F70014051F0800120680180200000F0AD
:10083000E0FC83E738047FF581AF2068018840F64B
:100840008F70014051F08001206801802068B0F86D
:100850005000297810EBC100216811EB400101F232
:100860000C41088880B28005800DE861E8690028A5
:1008700011D0686900280ED0EB699BB2EA886969DB
:10088000206801F0E2FD6869E969084468610021B7
:10089000200000F0B7FC20680088070038053FF50D
:1008A0004DAF380080B210F44050B0F5405F3FF4D7
:1008B00045AF21682068B0F85000411801F20C40A3
:1008C0008146B9F800008005800DA9F8000028696C
:1008D0003F280FD3286940092A7C12F01F0F00D14E
:1008E000401EB9F8002052EA802252F40042A9F8D2
:1008F000002015E02869002806D1B9F8000050F45E
:100900000040A9F800000BE0286940082A7CD207C3
:1009100000D5401CB9F8002052EA8022A9F8002036
:10092000206802884BF68F70024092F4805292F455
:10093000005242F4004252F0800220680280FDE63C
:1009400020684146C9B230F821000700380440F160
:10095000A68020684146C9B230F8211040F68F7059
:10096000014051F0800120684246D2B220F82210A6
:100970004146C9B22820414304EB010010F5B47090
:100980000500287B00281AD12068B0F8500029788B
:1009900010EBC100216811EB400101F20C41088805
:1009A0008005800D0600300080B200285CD0330046
:1009B0009BB2EA886969206801F047FD54E0E87855
:1009C000022807D13A0092B22900200000F029F94C
:1009D000060049E02068297830F8211048F68F7029
:1009E000014041F4004151F0C00120682A7820F80C
:1009F00022102068297830F8210040041AD5206898
:100A0000B0F85000297810EBC100216811EB4001CB
:100A100001F2044108888005800D0600300080B294
:100A2000002821D033009BB22A896969206801F02F
:100A30000CFD19E02068B0F85000297810EBC100D7
:100A4000216811EB400101F20C4108888005800DFE
:100A50000600300080B2002806D033009BB26A89BD
:100A60006969206801F0F1FCE969300080B2411841
:100A7000E9616869310089B208446861A8690028A1
:100A800004D0300080B22969884204D2297820003D
:100A900000F0B8FB03E02900206801F02BF83806CD
:100AA0007FF54CAE4146C9B22820414304EB01001A
:100AB0002830050020684146C9B230F8211048F6B8
:100AC0000F70014051F4004120684246D2B220F834
:100AD0002210E878012864D10020A861287B002832
:100AE0005AD078062CD56878002817D1216820685C
:100AF000B0F850004118287811EB001000F20440C3
:100B00008246BAF800008005800DAAF80000BAF805
:100B1000000050F40040AAF8000010E068780128B6
:100B20000DD121682068B0F850004118287811EBE9
:100B3000001000F2044002900020029A10802BE086
:100B400021686878002817D122682068B0F8500022
:100B50008218287812EB001000F20C408346BBF894
:100B600000008005800DABF80000BBF8000050F4D9
:100B70000040ABF800000FE0687801280CD1206835
:100B8000B0F850004118287811EB001000F20C402A
:100B900001900020019A10802978200000F044FB89
:100BA000CCE5F80533D42068B0F85000297810EB74
:100BB000C100216811EB400101F204410888800561
:100BC000800DADF80000BDF80000A969884205D28B
:100BD000A969BDF80000091AA96101E00020A86117
:100BE000A869002804D12978200000F01DFBA5E5A4
:100BF0006869BDF8001008446861E969BDF8000043
:100C00004118E9612900206800F074FF96E53A0078
:100C100092B22900200000F0A4F88FE50020BDE882
:100C2000FE8FF8B504000D00160070044BD5206847
:100C3000B0F85000297810EBC100216811EB400199
:100C400001F204410F88BF05BF0DA869390089B2C0
:100C5000884205D3A969380080B2091AA96101E068
:100C60000020A861A869002810D12068297830F8F0
:100C700021104BF68F70014091F4005141F4004176
:100C800051F0800120682A7820F8221070060ED5D5
:100C90002068297830F8211048F68F70014041F41F
:100CA000004151F0C00120682A7820F82210380055
:100CB00080B2002852D03B009BB22A896969206823
:100CC00001F0C3FB4AE02068B0F85000297810EB2F
:100CD000C100216811EB400101F20C410F88BF05F2
:100CE000BF0DA869390089B2884205D3A9693800C7
:100CF00080B2091AA96101E00020A861A869002852
:100D000010D12068297830F821104BF68F700140FF
:100D100091F4005141F4004151F0800120682A789B
:100D200020F8221070060ED42068297830F821109F
:100D300048F68F70014041F4004151F0C001206835
:100D40002A7820F82210380080B2002806D03B0014
:100D50009BB26A896969206801F077FB380080B22C
:100D6000F2BD2DE9F04105000E001700780640F1B4
:100D700004812868B0F85000317810EBC100296870
:100D800011EB400101F20441B1F800805FEA88589C
:100D90005FEA9858404680B2B169884205D2B1698D
:100DA000404680B2091AB16101E00020B061B0692B
:100DB000002860D17078002812D129682868B0F81E
:100DC00050004118307811EB001000F20440028806
:100DD0009205920D0280028852F4004202800EE0D9
:100DE000707801280BD129682868B0F850004118A4
:100DF000307811EB001000F20440002202802968D4
:100E00007078002812D12A682868B0F8500082183B
:100E1000307812EB001000F20C4003889B059B0D0C
:100E20000380038853F4004303800DE070780128A9
:100E30000AD12868B0F850004118307811EB001042
:100E400000F20C40002202803178280000F0ECF91A
:100E5000780440F199812868317830F8211048F6FB
:100E60008F70014041F4404151F080012868327890
:100E700020F8221088E178040ED52868317830F8FF
:100E8000211048F68F70014041F4404151F080013B
:100E90002868327820F8221096F82400012840F0C3
:100EA00073817069414689B208447061F1694046B6
:100EB00080B24118F161306A3169884205D33069E6
:100EC0000400306A001B306210E0306A002806D14E
:100ED000404680B20400002086F8240006E000208E
:100EE00086F82400306A0400002030627078002800
:100EF0002DD129682868B0F850004118307811EBDE
:100F0000001000F2044002889205920D02803F2CEE
:100F10000CD32200520914F01F0F00D1521E038877
:100F200053EA822353F4004303800FE0002C04D1E2
:100F3000028852F40042028008E022005208E307CF
:100F400000D5521C038853EA822303800DE0707899
:100F500001280AD129682868B0F850004118307873
:100F600011EB001000F20440048023009BB2328990
:100F70007169286801F042FA06E12868B0F850006B
:100F8000317810EBC100296811EB400101F20C41EE
:100F9000B1F800805FEA88585FEA9858B069414626
:100FA00089B2884205D3B169404680B2091AB1615D
:100FB00001E00020B061B069002860D1707800289D
:100FC00012D129682868B0F850004118307811EB28
:100FD000001000F2044002889205920D02800288FF
:100FE00052F4004202800EE0707801280BD129688B
:100FF0002868B0F850004118307811EB001000F26A
:1010000004400022028029687078002812D12A68E2
:101010002868B0F850008218307812EB001000F207
:101020000C4003889B059B0D0380038853F4004309
:1010300003800DE0707801280AD12868B0F85000CC
:101040004118307811EB001000F20C4000220280B1
:101050003178280000F0E8F8780400F195802868DD
:10106000317830F8211048F68F70014041F440414A
:1010700051F080012868327820F8221084E078044A
:101080000ED42868317830F8211048F68F7001406E
:1010900041F4404151F080012868327820F8221054
:1010A00096F8240001286FD17069414689B208443E
:1010B0007061F169404680B24118F161306A31696E
:1010C000884205D330690400306A001B306210E0AA
:1010D000306A002806D1404680B20400002086F81D
:1010E000240006E0306A040000203062002086F808
:1010F000240029687078002832D12A682868B0F85E
:1011000050008218307812EB001000F20C40038877
:101110009B059B0D03803F2C0ED323005B0914F02D
:101120001F0F00D15B1EB0F800C05CEA832C5CF49A
:10113000004CA0F800C012E0002C04D1038853F446
:10114000004303800BE023005B085FEAC47C00D50A
:101150005B1CB0F800C05CEA832CA0F800C00CE077
:101160007078012809D12868B0F85000411830780B
:1011700011EB001000F20C40048023009BB2728936
:101180007169286801F03AF92868317830F821103F
:1011900048F6BF70014091F0100191F0200141F438
:1011A000004151F080012868327820F82210002098
:1011B000BDE8F0811CB504002068DFF83C138842CC
:1011C00016D1DFF83803006850F40000DFF82C1364
:1011D0000860DFF82803006810F400000090009811
:1011E00000220521142001F04CFA142001F05EFACF
:1011F00013BD10B5040014F52C71D4F8EC0201F005
:10120000BAFA10BD38B504000D002900C9B2282073
:10121000414304EB0100D0F87C212900C9B2D4F885
:10122000EC0201F0DCFA31BD38B504000D002900F4
:10123000C9B22820414304EB0100C26B2900C9B2A6
:10124000D4F8EC0201F022FB31BD10B50400D4F853
:10125000EC0201F0EAFB10BD38B504000125A068DE
:10126000022801D001F07EFC2900C9B2D4F8EC02BA
:1012700001F0C2FBD4F8EC0201F08EFB31BD10B5D9
:101280000400D4F8EC0201F0BBFBA069002805D0F3
:101290009B48006850F006009949086010BD10B5E1
:1012A0000400D4F8EC0201F0B5FB10BD10B5040049
:1012B0009448C0F8EC429348C4F8C0028E48914963
:1012C000086008208F49486002208E49886000200D
:1012D0008C49886100208B49C861002089490862D7
:1012E0008848FEF703FF002801D001F03BFC1823DB
:1012F00000220021D4F8C00201F036FC582300225D
:101300008021D4F8C00201F02FFCC02300228121EB
:10131000D4F8C00201F028FC4FF4887300220121A8
:10132000D4F8C00201F020FC4FF480730022822127
:10133000D4F8C00201F018FC002010BDF8B504007C
:1013400000250027D4F8C002FEF790FF0600300009
:10135000C0B200F0DDF8C0B2F2BD2DE9F0470400E4
:101360000D0016001F005FF000085FF0000A330058
:10137000DBB23A0092B22900C9B2D4F8C002FFF73A
:101380007BF881464846C0B200F0C2F8C0B2BDE862
:10139000F0872DE9F04104000D0000265FF0000801
:1013A0002900C9B2D4F8C002FFF7B2F8070038002C
:1013B000C0B200F0ADF8C0B2BDE8F0812DE9F04157
:1013C00004000D0000265FF000082900C9B2D4F81F
:1013D000C002FFF72AF907003800C0B200F098F801
:1013E000C0B2BDE8F0812DE9F04104000D000026F7
:1013F0005FF000082900C9B2D4F8C002FFF75BF91A
:1014000007003800C0B200F083F8C0B2BDE8F08138
:101410000200D2F8C0320800C0B2000609D5C9B235
:1014200011F07F012820414303EB010090F82A00CE
:1014300008E0C9B211F07F012820414303EB01000D
:1014400090F86A0170472DE9F04104000D00002674
:101450005FF000082900C9B2D4F8C002FEF7F4FF1B
:1014600007003800C0B200F053F8C0B2BDE8F08108
:101470002DE9F04704000D0016001F005FF0000882
:101480005FF0000A3B009BB232002900C9B2D4F8D9
:10149000C002FFF7A0F881464846C0B200F038F815
:1014A000C0B2BDE8F0872DE9F04704000D0016003A
:1014B0001F005FF000085FF0000A3B009BB23200A3
:1014C0002900C9B2D4F8C002FFF757F88146484650
:1014D000C0B200F01DF8C0B2BDE8F08738B5040016
:1014E0000D002900C9B2D4F8C002FFF76BF832BD75
:1014F0000100054870470000005C00401C100240DD
:1015000010ED00E048260020542E00207047704760
:10151000010000220800C0B2002805D0022807D030
:1015200004D3032806D007E0002006E0022004E0F0
:10153000012002E0022000E00220C0B270470EB499
:101540000100002003B0704701000020A1F8440012
:101550004FF43F42A1F840200020704701004FF4B3
:101560003F42B1F840009043A1F84000002070478E
:101570000200002070470EB401000120A1F84000D5
:101580000020A1F840000020A1F844000020A1F8AC
:101590005000002003B07047F0B403000A000020A0
:1015A000117833F8214048F68F110C40D17800298A
:1015B00005D0022906D009D3032904D009E054F448
:1015C000007408E007E054F4C06404E054F480645C
:1015D00001E00121080044F4004151F08001157838
:1015E00023F82510117833F8215048F68F710D40FB
:1015F00011780D4345F4004555F08005117823F826
:101600002150117B002940F0B9805178002940D049
:101610001E00B3F850108E19117816EB011515F550
:101620008065D7884FF6FE710F402F80117833F810
:10163000215069060CD5117833F8216048F68F7176
:101640000E4046F4004656F0C006117823F821609B
:10165000D17801290FD0117833F8215048F6BF71A5
:101660000D4095F0200545F4004555F080051178B2
:1016700023F8215056E1117833F8215048F6BF7114
:101680000D4045F4004555F08005117823F82150B0
:1016900048E11D00B3F850104D19117815EB0116F3
:1016A00016F58166D7884FF6FE710F4037801E0011
:1016B000B3F850108E19117816EB011707F20C478A
:1016C00039888905890D398011693F290DD3116940
:1016D0004909157C15F01F0F00D1491E3D8855EAB8
:1016E000812555F400453D8011E01169002904D1A0
:1016F000398851F40041398009E011694908157CA5
:10170000ED0700D5491C3D8855EA81253D801178BB
:1017100033F8215069040CD5117833F8216048F66C
:101720008F710E4046F4404656F08006117823F83B
:1017300021601178002911D1117833F821504BF62E
:101740008F710D4095F4805595F4005545F4004592
:1017500055F08005117823F82150E3E0117833F833
:1017600021504BF68F710D4095F4005545F400451E
:1017700055F08005117823F82150D3E0D178022963
:101780000DD1117833F8215048F68F710D4045F492
:10179000014555F08005117823F821500CE01178AF
:1017A00033F8215048F68F610D4045F4004555F05F
:1017B0008005117823F821501D00B3F850104D1901
:1017C000117815EB011616F5806617894FF6FE7134
:1017D0000F4037801F00B3F85010CF19117817EB66
:1017E000011616F58166B2F80AC04FF6FE7111EACD
:1017F0000C0CA6F800C05178002942D1117833F8BA
:10180000215069040CD5117833F8216048F68F71A6
:101810000E4046F4404656F08006117823F82160C9
:10182000117833F8215069060CD5117833F821600E
:1018300048F68F710E4046F4004656F0C006117807
:1018400023F82160117833F821504BF68F710D4049
:1018500095F4805595F4005545F4004555F0800504
:10186000117823F82150117833F8215048F6BF71D0
:101870000D4045F4004555F08005117823F82150BE
:1018800050E0117833F8215069040CD5117833F801
:10189000216048F68F710E4046F4404656F08006AF
:1018A000117823F82160117833F8215069060CD59E
:1018B000117833F8216048F68F710E4046F40046E7
:1018C00056F0C006117823F82160D17801290FD095
:1018D000117833F8215048F6BF710D4095F020057E
:1018E00045F4004555F08005117823F821500CE0AF
:1018F000117833F8215048F6BF710D4045F400458A
:1019000055F08005117823F82150117833F82150D3
:101910004BF68F710D4045F4004555F08005117868
:1019200023F82150C0B2F0BC704710B40200087B0D
:10193000002842D1487800281FD0087832F820309B
:1019400058060CD5087832F8204048F68F700440CD
:1019500044F4004454F0C004087822F82040087889
:1019600032F8203048F6BF70034043F4004353F090
:101970008003087822F82030B9E0087832F8203067
:1019800058040CD5087832F8204048F68F7004408F
:1019900044F4404454F08004087822F82040087849
:1019A00032F820304BF68F70034043F4004353F07D
:1019B0008003087822F8203099E0487800284BD13D
:1019C000087832F8203058040CD5087832F82040D6
:1019D00048F68F70044044F4404454F08004087882
:1019E00022F82040087832F8203058060CD50878C4
:1019F00032F8204048F68F70044044F4004454F01C
:101A0000C004087822F82040087832F8203048F6E0
:101A10008F70034043F4004353F0C003087822F86A
:101A20002030087832F820304BF68F70034043F4B2
:101A3000004353F08003087822F82030087832F809
:101A4000203048F6BF70034043F4004353F0800356
:101A5000087822F820304AE0087832F8203058041C
:101A60000CD5087832F8204048F68F70044044F4D2
:101A7000404454F08004087822F82040087832F876
:101A8000203058060CD5087832F8204048F68F7080
:101A9000044044F4004454F0C004087822F8204084
:101AA000087832F8203048F68F70034043F4404302
:101AB00053F08003087822F82030087832F820307C
:101AC00048F6BF70034043F4004353F080030878A6
:101AD00022F82030087832F820304BF68F7003401F
:101AE00043F4004353F08003087822F820300020AC
:101AF00010BC70472DE9F84305000E0070780128EE
:101B000040F056823069B169884202D230690400DF
:101B100001E0B0690400307B002811D123009BB2A2
:101B2000F2887169280000F069FC2900B5F85000BE
:101B30004118307811EB001000F20440048025E2D7
:101B4000F078022840F086813069316A884280F05E
:101B50005C81307835F8201048F68F70014041F4F0
:101B6000014151F08001307825F82010306A001BC7
:101B70003062307835F82000400640F1A38029001B
:101B80007078002831D12A00B5F8500082183078DA
:101B900012EB001000F20C4003889B059B0D0380A4
:101BA0003F2C0ED323005B0914F01F0F00D15B1EE6
:101BB000B0F800C05CEA832C5CF4004CA0F800C0D4
:101BC00012E0002C04D1038853F4004303800BE09F
:101BD00023005B085FEAC47C00D55B1CB0F800C042
:101BE0005CEA832CA0F800C00BE07078012808D1D3
:101BF000B5F850004118307811EB001000F20C409D
:101C00000480B6F80A9023009BB24A4692B27169EA
:101C1000280000F0F3FB7069204470613069316A7C
:101C2000884203D2306A001B306203E0306A04004D
:101C300000203062707800282CD12900B5F85000BF
:101C40004118307811EB001000F204400288920530
:101C5000920D02803F2C0CD32200520914F01F0F6A
:101C600000D1521E038853EA822353F400430380B9
:101C70000FE0002C04D1028852F40042028008E0F8
:101C800022005208E30700D5521C038853EA82233E
:101C900003800CE07078012809D12900B5F85000C4
:101CA0004118307811EB001000F204400480B6F8BF
:101CB000088023009BB2424692B27169280000F06E
:101CC0009DFB63E1707800282CD12900B5F8500005
:101CD0004118307811EB001000F2044002889205A0
:101CE000920D02803F2C0CD32200520914F01F0FDA
:101CF00000D1521E038853EA822353F40043038029
:101D00000FE0002C04D1028852F40042028008E067
:101D100022005208E30700D5521C038853EA8223AD
:101D200003800CE07078012809D12900B5F8500033
:101D30004118307811EB001000F204400480B6F82E
:101D4000089023009BB24A4692B27169280000F0C5
:101D500055FB7069204470613069316A884203D252
:101D6000306A001B306203E0306A040000203062F9
:101D700029007078002831D12A00B5F85000821867
:101D8000307812EB001000F20C4003889B059B0D8D
:101D900003803F2C0ED323005B0914F01F0F00D1EA
:101DA0005B1EB0F800C05CEA832C5CF4004CA0F829
:101DB00000C012E0002C04D1038853F400430380D8
:101DC0000BE023005B085FEAC47C00D55B1CB0F825
:101DD00000C05CEA832CA0F800C00BE070780128FA
:101DE00008D1B5F850004118307811EB001000F21E
:101DF0000C400480B6F80A8023009BB2424692B29F
:101E00007169280000F0FAFAC0E0306A0400307806
:101E100035F8201048F68F60014041F4004151F040
:101E20008001307825F82010A946B5F8500010EB55
:101E30000909307819EB001000F204400480308961
:101E4000804623009BB2424692B27169280000F09E
:101E5000D5FA9BE0306A001B3062307835F82000FC
:101E600040064CD529007078002831D12A00B5F8F9
:101E700050008218307812EB001000F20C400388FA
:101E80009B059B0D03803F2C0ED323005B0914F0B0
:101E90001F0F00D15B1EB0F800C05CEA832C5CF41D
:101EA000004CA0F800C012E0002C04D1038853F4C9
:101EB000004303800BE023005B085FEAC47C00D58D
:101EC0005B1CB0F800C05CEA832CA0F800C00BE0FB
:101ED0007078012808D1B5F850004118307811EB1E
:101EE000001000F20C4004807089804623009BB2F1
:101EF000424692B27169280000F080FA46E070789C
:101F000000282CD12900B5F850004118307811EB89
:101F1000001000F2044002889205920D02803F2CCE
:101F20000CD32200520914F01F0F00D1521E038857
:101F300053EA822353F4004303800FE0002C04D1C2
:101F4000028852F40042028008E022005208E307AF
:101F500000D5521C038853EA822303800CE070787A
:101F6000012809D12900B5F850004118307811EB4B
:101F7000001000F2044004803089804623009BB2A8
:101F8000424692B27169280000F038FA307835F88C
:101F9000201048F6BF70014091F0100191F020012F
:101FA00041F4004151F08001307825F8201093E190
:101FB000307B00283AD13069B169884205D2306956
:101FC0000400B069001BB06103E0B06904000020A8
:101FD000B0612900B5F850004118307811EB0010BD
:101FE00000F20C4002889205920D02803F2C0CD327
:101FF0002200520914F01F0F00D1521E038853EA29
:10200000822353F4004303800FE0002C04D10288A4
:1020100052F40042028008E022005208E30700D593
:10202000521C038853EA8223038044E1F07802289B
:1020300040F0AD807078002830D12900B5F850000C
:102040004118307811EB001202F20442108880052A
:10205000800D108030693F280DD330694009337CF2
:1020600013F01F0F00D1401E138853EA802353F44E
:102070000043138011E03069002804D1108850F427
:102080000040108009E030694008337CDB0700D550
:10209000401C138853EA802313800DE070780128D8
:1020A0000AD12900B5F850004118307811EB001022
:1020B00000F204403269028029007078002837D18C
:1020C0002A00B5F850008218307812EB001303F2A2
:1020D0000C4318888005800D188030693F2810D384
:1020E0003069400996F810C01CF01F0F00D1401E47
:1020F000B3F800C05CEA802C5CF4004CA3F800C08C
:1021000015E03069002804D1188850F40040188088
:102110000DE03069400896F810C05FEACC7C00D52D
:10212000401CB3F800C05CEA802CA3F800C00CE0AF
:102130007078012809D1B5F850004118307811EBBA
:10214000001000F20C4032690280F069002800F0B3
:10215000B280307835F82000070044F24000384063
:1021600044F24001884204D044F24000074240F06B
:10217000A280307835F8201048F68F70014041F485
:10218000004151F0C001307825F8201093E0F0783C
:10219000012840F08E803069B169884205D23069EB
:1021A0000400B069001BB06103E0B06904000020C6
:1021B000B061707800282CD12900B5F85000411882
:1021C000307811EB001000F2044002889205920D65
:1021D00002803F2C0CD32200520914F01F0F00D1B3
:1021E000521E038853EA822353F4004303800FE016
:1021F000002C04D1028852F40042028008E0220040
:102200005208E30700D5521C038853EA8223038057
:102210000CE07078012809D12900B5F85000411868
:10222000307811EB001000F204400480290070782F
:10223000002831D12A00B5F850008218307812EB0E
:10224000001000F20C4003889B059B0D03803F2C7F
:102250000ED323005B0914F01F0F00D15B1EB0F8F2
:1022600000C05CEA832C5CF4004CA0F800C012E0D3
:10227000002C04D1038853F4004303800BE02300B7
:102280005B085FEAC47C00D55B1CB0F800C05CEA68
:10229000832CA0F800C00BE07078012808D1B5F8B5
:1022A00050004118307811EB001000F20C4004800F
:1022B00001E0012011E0307835F820104BF68F70E6
:1022C000014091F4805191F4005141F4004151F0EA
:1022D0008001307825F820100020BDE8F28302004C
:1022E000487800280FD0087832F8203048F6BF70C0
:1022F000034093F0100343F4004353F08003087845
:1023000022F820300EE0087832F820304BF68F703B
:10231000034093F4805343F4004353F08003087860
:1023200022F820300020704710B40200087B0028FB
:102330004AD14878002824D0087832F8203058064E
:102340000CD5087832F8204048F68F70044044F4E9
:10235000004454F0C004087822F82040C8780128CE
:1023600032D0087832F8203048F6BF70034093F03E
:10237000200343F4004353F08003087822F8203010
:1023800022E0087832F8203058040CD5087832F86A
:10239000204048F68F70044044F4404454F08004D8
:1023A000087822F82040087832F820304BF68F70F9
:1023B000034093F4805393F4005343F4004353F0E9
:1023C0008003087822F82030002010BC70470200FB
:1023D0000800C0B2002802D18020A2F84C000020E2
:1023E0007047010000207047010000207047010085
:1023F000B1F8440070470200002070472DE9F04317
:1024000004001E00B6B2761C76082700884610002D
:1024100080B217EB400E1EF5806E3000002812D0FF
:1024200098F800C098F801905CEA092C6546AEF86F
:1024300000501EF1020C1CF1020E18F1010C1CF1EF
:102440000108401EEAE7BDE8F0832DE9F0410400F1
:102450001E00B6B2760827008C46100080B217EB3B
:10246000400E1EF5806E3000002813D0BEF80080AC
:1024700045461EF1020E8CF800501CF1010CA846D6
:102480005FEA18288CF800801CF1010C1EF1020E86
:10249000401EE9E75FEAC37804D5BEF800804546F0
:1024A0008CF80050BDE8F08162B38B0708D0521E53
:1024B00011F8013B00F8013B00F024808B07F6D1B6
:1024C000830740F0208000BF103A07D330B4B1E852
:1024D0003810103AA0E83810F9D230BC530724BFA6
:1024E000B1E80810A0E8081044BF51F8043B40F8D8
:1024F000043BD20724BF31F8022B20F8022B44BF43
:102500000B7803707047121F17D35B0009D151F885
:10251000043B20F8023B1B0C121F20F8023BF6D2B2
:102520000BE051F8043B00F8013B1B0A20F8023B8A
:102530001B0C121F00F8013BF3D238BF121D521EB4
:1025400024BF11F8013B00F8013BF8D87047F0B404
:102550000246106895681318506803EB5004C007D2
:102560001BD54D4419E013F8017B05F8017B491E8A
:10257000F9D190B113F8011BC6F38106032E08BFF1
:1025800013F8016B01EB062149422944801C11F824
:10259000016B05F8016B401EF9D1A3420ED013F870
:1025A000016B16F0030104BF13F8011BC91C3009AD
:1025B0000F28DCD113F8010B0F30D8E7F0BC02F183
:1025C0000C00704710F007033C490A684FF6FF0102
:1025D0000A4052EA03223A490A4338490A607047DE
:1025E00036480068C0F302207047010049B2002954
:1025F00009D4012210F01F018A40324903005BB266
:102600005B0941F82320704710B4020052B2002A3F
:1026100005D40A012C4B040064B21A5508E00A01E3
:102620002A4B040064B214F00F04234403F8042C72
:1026300010BC704770B4030013F00704D4F1070016
:10264000052801D3042001E0D4F10700251D072D42
:1026500001D2002500E0E51E012616FA00F0401E1A
:102660000140A940012010FA05F56D1E2A401143D2
:10267000080070BC704710B504002000FFF7A2FFEF
:1026800010BD2DE9F04104000D0016000027FFF7F2
:10269000A7FF8046320029004046FFF7CBFF01002C
:1026A000200040B2FFF7B0FFBDE8F08110B5040094
:1026B000200040B2FFF799FF10BD00000CED00E0D4
:1026C0000000FA0500E100E000E400E018ED00E0A1
:1026D00070B505000C001600002D01D1022012E09B
:1026E000D5F8B402002802D00020C5F8B402002CAE
:1026F00001D0C5F8B042012085F89C022E70280058
:10270000FEF7D4FD002070BD02000023002903D095
:10271000C2F8B412002000E00220C0B2704710B529
:1027200004002000FEF70AFE002010BD010000207A
:10273000704770B504000D000226D4F8B4020028DA
:102740000AD02900C9B22000D4F8B42212689047F8
:10275000002801D1002006003000C0B270BD38B59D
:1027600004000D002900C9B22000D4F8B422526838
:102770009047002032BD38B504000D00290014F543
:102780002A7000F0FEFD0120C4F89402B4F8AE02F5
:10279000C4F8980294F8A80210F01F00002803D093
:1027A00002280DD006D311E014F52A71200000F0A4
:1027B00005FA12E014F52A71200000F052FA0CE03C
:1027C00014F52A71200000F083FA06E094F8A812AC
:1027D00011F080012000FEF7F1FD002032BDF8B5B8
:1027E00004000F0015003800C0B2002839D114F5DC
:1027F000AA700600D4F89402032826D13069F16843
:10280000884210D2F1683069091AF160F0683169C4
:10281000884201D2F26800E0326992B229002000B9
:1028200000F03BFE30E0D4F8B4020069002808D084
:1028300094F89C02032804D12000D4F8B41209694A
:102840008847200000F036FE1EE0D4F894020528E8
:102850001AD10020C4F8940200212000FEF7AEFD3A
:1028600012E0D4F8B402806900280BD094F89C02DE
:10287000032807D13900C9B22000D4F8B4229269E4
:10288000904701E0022000E00020F2BDF8B504000E
:102890000D0016002800C0B2002868D114F1140001
:1028A0000700D4F8940202284AD13869F9688842AE
:1028B00010D2F9683869091AF960FA6892B23100E1
:1028C000200000F0C5FD0023002200212000FEF7BB
:1028D000EAFD41E0B8683969B0FBF1F201FB120092
:1028E000002817D1B8683969884213D3B868D4F87A
:1028F000981288420ED200220021200000F0A8FD8C
:102900000020C4F898020023002200212000FEF7D6
:10291000CAFD21E0D4F8B402C068002808D094F8B9
:102920009C02032804D12000D4F8B412C968884757
:1029300080212000FEF742FD200000F0C8FD0BE0E2
:10294000D4F89402042803D0D4F89402002803D1C8
:1029500080212000FEF732FD94F8A002012819D151
:102960002000FFF7E3FE002084F8A00212E0D4F874
:10297000B402406900280BD094F89C02032807D1C8
:102980002900C9B22000D4F8B4225269904701E06E
:10299000022000E00020F2BD10B504004023002218
:1029A00000212000FEF7D9FC0120C4F85801402086
:1029B000C4F864014023002280212000FEF7CDFCF2
:1029C0000120A06140206062012084F89C02002068
:1029D000C4F89402002060600020C4F8A402D4F877
:1029E000B802002806D06168C9B22000D4F8B42229
:1029F00052689047002010BD0200117400207047FB
:102A0000010091F89C0281F89D02042081F89C024B
:102A100000207047010091F89C02042803D191F82E
:102A20009D0281F89C020020704710B5040094F8C4
:102A30009C02032809D1D4F8B402C069002804D04C
:102A40002000D4F8B412C9698847002010BDB1F540
:102A5000807F02D34FF0FF30704701700120704734
:102A60000078401E8041C043C00F704780B500F021
:102A70003BFD00F073FD00F01BF800F07BFD00F063
:102A8000A3FD00F015FE00F0B7FD0021334801F072
:102A900010F80421314801F00CF801F05CFC01F061
:102AA00070FC01F09BFC01F09DFD01F0B9FCFEE71C
:102AB00018B593B02821002209AC200001F0B6FD22
:102AC000142100226C46200001F0B0FD10210022EC
:102AD00005AC200001F0AAFD012009905FF48030D0
:102AE0000A9000200B9001200D90022010905FF4BE
:102AF000803011905FF4E010129009A801F0CEFD33
:102B0000002801D000F02EF80F2000900220019044
:102B1000002002904FF48060039000200490022176
:102B2000684601F0FCFF002801D000F01BF81020DF
:102B300005900020089005A802F03AF9002801D07D
:102B400000F010F814B010BD10B50400206804495E
:102B5000884201D102F0BEF910BD0000AC34002063
:102B6000002C014072B6FEE730B40400080080B2C9
:102B700000060AD50D00ADB215F007052820454323
:102B800004EB050010F1280507E00D00ADB2282088
:102B9000454304EB050010F5B475100080B2002821
:102BA00003D100202873EB8005E0012028732B81DE
:102BB0001800000C6881002030BC704770B504001C
:102BC0000D000026287810F0600000280AD0202888
:102BD00001D040283ED129002000D4F8B4229268C8
:102BE00090473BE06878002820D0012828D00328AF
:102BF00021D005280BD0062804D0082811D0092898
:102C00000AD022E02900200000F0A0F921E02900EC
:102C1000200000F09CFA1CE02900200000F0CBFA14
:102C200017E02900200000F03BFB12E02900200003
:102C300000F05DFB0DE02900200000F07EFB08E0C5
:102C40002900200000F086FB03E02900200000F0AE
:102C5000ACFB03E02900200000F0A7FB3000C0B26D
:102C600070BD70B504000D000026287810F06000DB
:102C7000002803D0202801D0402823D194F89C02BA
:102C8000401E022819D82879022811DA29002000CC
:102C9000D4F8B422926890470600E88800280BD147
:102CA0003000C0B2002807D1200000F003FC03E090
:102CB0002900200000F079FB03E02900200000F04B
:102CC00074FB03E02900200000F06FFB002070BDC2
:102CD0002DE9F04104000D000026AF88287810F09F
:102CE000600000280BD0202802D0402840F0268128
:102CF00029002000D4F8B4229268904722E1287875
:102D000010F06000202807D129002000D4F8B42258
:102D100092689047C0B217E16878002870D0012807
:102D20003CD0032840F0058194F89C02022802D090
:102D3000032817D02DE03800C0B200280DD038008D
:102D4000C0B2802809D03900C9B22000FEF736FB96
:102D500080212000FEF732FB03E02900200000F074
:102D600024FB1AE0688800280FD13800C0B2002880
:102D70000BD03800C0B2802807D0E888002804D1E2
:102D80003900C9B22000FEF719FB200000F092FBC9
:102D900003E02900200000F008FBCEE094F89C023C
:102DA000022802D0032817D025E03800C0B200283E
:102DB0000DD03800C0B2802809D03900C9B2200037
:102DC000FEF7FCFA80212000FEF7F8FA03E0290064
:102DD000200000F0EAFA12E0688800280AD117F013
:102DE0007F0F04D03900C9B22000FEF7FCFA2000A2
:102DF00000F060FB03E02900200000F0D6FA9CE020
:102E000094F89C02022802D003282FD08CE03800CE
:102E1000C0B2002808D03800C0B2802804D02900F1
:102E2000200000F0C2FA83E03800C0B200060AD5E4
:102E30003900C9B211F07F011420414304EB0100B5
:102E400010F1140809E03900C9B211F07F01142013
:102E5000414304EB010010F5AA780020C8F80000F7
:102E600002224146200000F0DDFA61E03800C0B2E5
:102E700000060FD53900C9B211F00F0114204143EB
:102E800004EB01008069002815D12900200000F022
:102E90008CFA4DE03900C9B211F00F011420414302
:102EA00004EB0100D0F85801002804D129002000CB
:102EB00000F07BFA3CE03800C0B200060AD53900C9
:102EC000C9B211F07F011420414304EB010010F15D
:102ED000140809E03900C9B211F07F011420414300
:102EE00004EB010010F5AA783800C0B2002803D026
:102EF0003800C0B2802803D10020C8F800000DE0DF
:102F00003900C9B22000FEF783FA002803D001205F
:102F1000C8F8000002E00020C8F800000222414684
:102F2000200000F07FFA03E02900200000F03DFAC5
:102F300003E02900200000F038FA03E02900200017
:102F400000F033FA3000C0B2BDE8F081F8B50400FB
:102F50000D000020ADF8000000260027688880B230
:102F6000000AC0B201280AD0022810D0032823D0BA
:102F7000062800F0A580072800F0B280C2E069466C
:102F8000207CD4F8B022126890470600BFE0207C75
:102F9000002808D16846D4F8B412896A8847060028
:102FA0000220707007E06846D4F8B412C96A8847F6
:102FB000060002207070AAE0A878002808D0022835
:102FC0002CD018D304284FD03BD305285FD071E014
:102FD000D4F8B0024068002807D06946207CD4F8B5
:102FE000B02252689047060004E02900200000F05B
:102FF000DCF97F1C63E0D4F8B0028068002807D0B9
:103000006946207CD4F8B02292689047060004E01C
:103010002900200000F0C9F97F1C50E0D4F8B0026C
:10302000C068002807D06946207CD4F8B022D26856
:103030009047060004E02900200000F0B6F97F1C4C
:103040003DE0D4F8B0020069002807D06946207C32
:10305000D4F8B02212699047060004E0290020004D
:1030600000F0A3F97F1C2AE0D4F8B00240690028E0
:1030700007D06946207CD4F8B022526990470600F8
:1030800004E02900200000F090F97F1C17E0D4F83C
:10309000B0028069002807D06946207CD4F8B022AD
:1030A00092699047060004E02900200000F07DF9B5
:1030B0007F1C04E02900200000F077F97F1C26E047
:1030C000207C002806D16846D4F8B412496B8847A2
:1030D000060004E02900200000F067F97F1C16E0DC
:1030E000207C002808D16846D4F8B412096B8847C0
:1030F00006000720707004E02900200000F055F958
:103100007F1C04E02900200000F04FF97F1C3800EC
:10311000C0B200281AD1BDF80000002810D0E888FD
:1031200000280DD0BDF80000E988884202D3E88865
:10313000ADF80000BDF800203100200000F072F969
:10314000E888002802D1200000F0B4F9F1BD70B584
:1031500004000D00A888002828D1E888002825D17F
:103160006888802822D2A87810F07F00060094F8A2
:103170009C02032804D12900200000F016F919E070
:1031800084F89E623100C9B22000FEF75CF920008D
:1031900000F090F93000C0B2002803D0022084F87B
:1031A0009C0207E0012084F89C0203E02900200033
:1031B00000F0FBF870BD38B504000D006888374991
:1031C000087036480078022804DB2900200000F04F
:1031D000ECF861E094F89C02022802D003281ED08B
:1031E00051E02E480078002815D02C480078606007
:1031F000032084F89C02294801782000FFF799FAFF
:10320000022804D12900200000F0CFF844E020007B
:1032100000F050F902E0200000F04CF93CE01F48BB
:10322000007800280ED1022084F89C021B48007808
:1032300060601A4801782000FFF791FA200000F042
:1032400039F91FE0154800786168884217D0616835
:10325000C9B22000FFF783FA1048007860600F4879
:1032600001782000FFF765FA022804D12900200028
:1032700000F09BF810E0200000F01CF902E02000B4
:1032800000F018F908E02900200000F08EF803484B
:1032900001782000FFF763FA31BD00008836002076
:1032A00038B504000D00E888012804D0290020006A
:1032B00000F07BF81AE094F89C02401E012802D925
:1032C000801E09D00EE00020A060012214F1080148
:1032D000200000F0A7F809E00122211D200000F0E5
:1032E000A1F803E02900200000F05FF831BD38B5F7
:1032F00004000D0094F89C02401E022818D8E888AB
:10330000022804D02900200000F04FF814E001202A
:10331000E060D4F8A402002803D0E06850F0020076
:10332000E060022214F10C01200000F07BF803E0C1
:103330002900200000F039F831BD38B504000D0037
:103340006888012805D10120C4F8A402200000F0FB
:10335000B1F831BD38B504000D0094F89C02401E50
:10336000022809D86888012805D10020C4F8A402E1
:10337000200000F09FF803E02900200000F015F87D
:1033800031BD0A7802704A7842708A78CB7812EBA5
:10339000032242800A794B7912EB032282808A79D8
:1033A000CB7912EB0322C280704738B504000D00C0
:1033B00080212000FEF702F800212000FDF7FEFF2B
:1033C00031BDF8B504000D0016000027002C1ED0FA
:1033D000200000F01DF84000801C3080307839005B
:1033E000C9B268547F1C03203900C9B268547F1CDD
:1033F000207800280BD020783900C9B26854641CAA
:103400007F1C00203900C9B268547F1CF0E7F1BD71
:10341000020000201178002902D0401C521CF9E75C
:10342000C0B2704770B504000D0016000220C4F849
:103430009402300080B2E061300080B2206233003C
:103440009BB22A0000212000FEF712F8002070BD78
:1034500070B504000D00160033009BB22A00002155
:103460002000FEF705F8002070BD70B504000D00C7
:1034700016000320C4F89402300080B2C4F85C0146
:10348000300080B2C4F8600133009BB22A000021F2
:103490002000FEF708F8002070BD70B504000D0094
:1034A000160033009BB22A0000212000FDF7FBFF2D
:1034B000002070BD10B504000420C4F8940200235D
:1034C000002200212000FDF7D3FF002010BD10B521
:1034D00004000520C4F894020023002200212000EB
:1034E000FDF7E1FF002010BD80B50848006850F0EE
:1034F0001000064908600320FFF7BDF80F2001F017
:10350000F5FC01F03FFD002002BD0000002002405C
:103510000120164908700A20154981F814044FF457
:1035200080601349A1F80D0000201149A1F80F0097
:1035300000200F4948744FF4FA700D494882012069
:103540000B4908730020010089B2B1F5007F04DA4D
:103550000021074A9182401CF5E7704780B5034877
:103560000078002801D1FFF7D3FF01BD8736002086
:103570006012002081B01348006850F0200011490B
:1035800008601048006810F02000009000980D4876
:10359000006850F004000B4908600A48006810F009
:1035A0000400009000980748006850F008000549A2
:1035B00008600448006810F008000090009801B00E
:1035C000704700BF1810024080B50A48006850F0EC
:1035D0000100084908600748006810F001000090E9
:1035E0000098002205210D20FFF74BF80D20FFF772
:1035F0005DF801BD1410024000B58DB0102200210D
:1036000009A801F0EDFC08220021684601F0E8FC61
:103610001C22002102A801F0E3FC944894490860B0
:1036200000209349486000209149886040F277105B
:103630008F49C86000208E49086180208C498861CC
:103640008B4800F025F9002801D0FFF78BFA4FF4E2
:103650008050099009A9864800F005FC002801D097
:10366000FFF780FA824800F0B6F9002801D0FFF792
:1036700079FA002000900020019069467C4801F012
:10368000B9FC002801D0FFF76DFA0020029000205D
:10369000039000200490002006900C2202A9744898
:1036A00000F02FFB002801D0FFF75CFA0DB000BD41
:1036B00000B58DB01022002109A801F091FC08226C
:1036C0000021684601F08CFC1C22002102A801F0B8
:1036D00087FC684868490860002067494860002006
:1036E000654988604FF4B4706349C860002062493E
:1036F00008610020604988615F4800F0C9F800282F
:1037000001D0FFF72FFA4FF48050099009A95A48C9
:1037100000F0A9FB002801D0FFF724FA564800F07A
:1037200091F9002801D0FFF71DFA00200090002039
:1037300001906946504801F05DFC002801D0FFF778
:1037400011FA602002904FF48070039000200490E2
:1037500000200690002202A9474800F006FB00283E
:1037600001D0FFF7FFF94FF440700390042202A943
:10377000414800F0FAFA002801D0FFF7F3F93E487B
:1037800000F050F80DB000BD1CB5040020683749AA
:10379000884236D13948006850F002003749086045
:1037A0003648006810F0020000900098344835490F
:1037B000086010203349486000203249886080202A
:1037C0003049C8604FF480702E4908614FF4806022
:1037D0002C49486120202B4988614FF440502949E9
:1037E000C861284801F044FC002801D0FFF7BAF96D
:1037F00024482063234844622248206221484462CE
:103800000FE020681B4988420BD11C48006850F02B
:1038100004001A4908601948006810F0040000907C
:10382000009813BD18B585B004001022002101A82E
:1038300001F0D6FB20680F49884215D11248006874
:1038400050F00800104908600F48006810F00800A8
:1038500000900098C0200190022002900220049065
:1038600001A90A4801F04AFD06B010BD000400405D
:103870006434002000080040AC3400201C100240DA
:1038800030000240F434002018100240000C0140C7
:1038900010B50400002C01D101202FE094F83D0068
:1038A000002805D1002084F83C002000FFF76CFFC1
:1038B000022084F83D00211D206800F04EFB01200D
:1038C00084F84600012084F83E00012084F83F007F
:1038D000012084F84000012084F84100012084F890
:1038E0004200012084F84300012084F844000120B4
:1038F00084F84500012084F83D00002010BD01003F
:1039000091F83D00012801D001202AE0022081F831
:103910003D000868DFF8683298420DD00868B0F1C1
:10392000804F09D00868DFF85C32984204D00868FC
:10393000DFF8543298420DD10868806810F0070013
:103940000200062A0CD00868006850F001000B68DD
:10395000186005E00868006850F001000B68186006
:1039600000207047010091F83D00012801D001209E
:1039700030E0022081F83D000868C06850F0010086
:103980000B68D8600868DFF8F83198420DD00868F5
:10399000B0F1804F09D00868DFF8E831984204D0D0
:1039A0000868DFF8E43198420DD10868806810F0AB
:1039B00007000200062A0CD00868006850F00100D9
:1039C0000B68186005E00868006850F001000B689B
:1039D00018600020704710B50400002C01D10120B0
:1039E0002FE094F83D00002805D1002084F83C0029
:1039F000200001F0B7FD022084F83D00211D206861
:103A000000F0ABFA012084F84600012084F83E0063
:103A1000012084F83F00012084F84000012084F850
:103A20004100012084F84200012084F84300012075
:103A300084F84400012084F84500012084F83D000A
:103A4000002010BD10B50400002C01D101202FE092
:103A500094F83D00002805D1002084F83C002000A7
:103A600001F081FD022084F83D00211D206800F056
:103A700074FA012084F84600012084F83E000120F9
:103A800084F83F00012084F84000012084F84100C0
:103A9000012084F84200012084F84300012084F8CA
:103AA0004400012084F84500012084F83D000020F6
:103AB00010BD70B505000C00002C02D195F83E0039
:103AC0000BE0042C02D195F83F0006E0082C02D14F
:103AD00095F8400001E095F84100012801D001204F
:103AE0004CE0002C04D1022085F83E00C0B211E069
:103AF000042C04D1022085F83F00C0B20AE0082C53
:103B000004D1022085F84000C0B203E0022085F80D
:103B10004100C0B201222100286800F041FB286862
:103B20001749884205D12868406C50F40040296844
:103B300048642868124988420BD02868B0F1804F49
:103B400007D028680F49884203D028680E49884268
:103B50000DD12868806810F007000600062E0CD0F2
:103B60002868006850F001002968086005E02868AE
:103B7000006850F0010029680860002070BD000056
:103B8000002C0140000400400008004010B5040073
:103B90002068006980071AD52068C068800716D59C
:103BA0007FF0020021680861012020772068806989
:103BB00010F0030F03D0200001F0D6FC05E0200038
:103BC00001F0D3FC200001F0D1FC00202077206818
:103BD000006940071AD52068C068400716D57FF0F5
:103BE000040021680861022020772068806910F4B1
:103BF000407F03D0200001F0B7FC05E0200001F079
:103C0000B4FC200001F0B2FC00202077206800699D
:103C100000071AD52068C068000716D57FF0080095
:103C200021680861042020772068C06910F0030F24
:103C300003D0200001F098FC05E0200001F095FC85
:103C4000200001F093FC0020207720680069C00666
:103C50001AD52068C068C00616D57FF0100021680C
:103C60000861082020772068C06910F4407F03D0E5
:103C7000200001F079FC05E0200001F076FC200036
:103C800001F074FC0020207720680069C0070AD585
:103C90002068C068C00706D57FF001002168086170
:103CA0002000FEF751FF2068006900060AD5206851
:103CB000C068000606D57FF08000216808612000FA
:103CC00001F055FC2068006940060AD52068C068EC
:103CD000400606D57FF0400021680861200001F011
:103CE00047FC2068006980060AD52068C068800605
:103CF00006D57FF0200021680861200001F039FC22
:103D000010BDF8B504000D001600002794F83C0023
:103D1000012801D1022027E0012084F83C00300076
:103D2000002806D0042809D008280CD00C280FD071
:103D300013E02900206800F042F910E02900206813
:103D400000F06AF90BE02900206800F097F906E01E
:103D50002900206800F0C3F901E0012007000020DD
:103D600084F83C003800C0B2F2BDF8B504000D0084
:103D70001700002694F83C00012801D1022071E0D0
:103D8000012084F83C003800002806D004281BD00D
:103D9000082831D00C2846D05DE02900206800F0CA
:103DA0000EF92068806950F0080021688861206859
:103DB000806930F004002168886120688169286981
:103DC00001432068816148E02900206800F024F95F
:103DD0002068806950F400602168886120688069EB
:103DE00030F480602168886120688069296950EA20
:103DF00001202168886130E02900206800F03EF948
:103E00002068C06950F008002168C8612068C06956
:103E100030F004002168C8612068C1692869014345
:103E20002068C16119E02900206800F058F9206875
:103E3000C06950F400602168C8612068C06930F42E
:103E400080602168C8612068C069296950EA012042
:103E50002168C86101E001200600002084F83C00D0
:103E60003000C0B2F2BDF8B504000D00002694F891
:103E70003C00012801D102206EE0012084F83C00C2
:103E8000022084F83D002068876837F0770737F410
:103E90007F4720688760286800284ED010284CD0C3
:103EA00020284AD0302848D040283CD0502826D05E
:103EB00060282ED0702807D0B0F5805F03D0B0F511
:103EC000005F0FD03EE03FE0EB686A68A9682068B9
:103ED00000F05BF92068806850F0770007002068E8
:103EE000876031E0EB686A68A968206800F04DF9E6
:103EF0002068806850F480402168886024E0EA6887
:103F00006968206800F014F95021206800F035F944
:103F10001AE0EA686968206800F01CF960212068EE
:103F200000F02BF910E0EA686968206800F000F9F9
:103F30004021206800F021F906E02968206800F09F
:103F40001CF901E001200600012084F83D0000205A
:103F500084F83C003000C0B2F2BD0368714A904260
:103F600008D0B0F1804F05D06F4A904202D06F4A1E
:103F7000904203D133F070034A681343694A904278
:103F800008D0B0F1804F05D0674A904202D0674A0E
:103F9000904203D133F44073CA68134333F0800373
:103FA0004A69134303608A68C2620A6882625D4A92
:103FB000904201D10A69026301224261704730B424
:103FC000046A026A5208520002624568836933F04B
:103FD00070039B089B000A68134334F002048A684C
:103FE0001443504A904205D134F00804CA6814437F
:103FF00034F004044B4A904207D135F4807535F40F
:1040000000754A6915438A691543456083614A68AA
:104010004263046230BC704730B4036A026A32F013
:10402000100202624468826932F4E04232F4407263
:104030000D6852EA052233F020038D6853EA051318
:10404000384DA84206D133F08003CD6853EA0513FA
:1040500033F04003334DA84209D134F4806434F482
:1040600000644D6954EA85048D6954EA850444600E
:1040700082614D688563036230BC704730B4046A66
:10408000026A32F4807202624568C36933F07003D9
:104090009B089B000A68134334F400748A6854EA4E
:1040A0000224204A904206D134F40064CA6854EADB
:1040B000022434F480641B4A904209D135F48055BF
:1040C00035F400554A6955EA02158A6955EA021520
:1040D0004560C3614A68C263046230BC704730B453
:1040E000036A026A32F4805202624468C26932F49E
:1040F000E04232F440720D6852EA052233F4005374
:104100008D6853EA0533074DA84204D134F4804446
:104110004D6954EA85144460C2614D6805640362C8
:1041200030BC7047002C01400004004000080040F3
:1041300010B4046A036A5B085B000362836933F0AE
:10414000F00353EA021334F00A040C43836104625F
:1041500010BC704710B4046A036A33F010030362A2
:10416000836933F4704353EA023334F0A00454EA11
:1041700001148361046210BC7047826832F07002DF
:104180000A4352F007028260704710B4846834F426
:104190007F440C43144354EA0324846010BC7047EA
:1041A00030B4012411F01F0314FA03F3046A9C4392
:1041B0000462046A11F01F0512FA05F52C4304622B
:1041C00030BC7047704710B57D48407C002800F037
:1041D000AB80022803D059D303282AD0B5E00021B0
:1041E000080080B2B0F5007F22DA0A0092B24FF4E4
:1041F000807092FBF0F300FB13227148B0F80D00C1
:1042000042434FF4807092FBF0F26D48B0F80F001B
:104210008218100080B2B0F5807F01DBFF20020021
:1042200067480B009BB200EB43008282491CD7E732
:104230008DE00021080080B2B0F5007F25DA08008B
:1042400080B2C0F3C010002809D05D48B0F80F005C
:104250005B4A0B009BB202EB4302908213E058488A
:10426000B0F80D205648B0F80F008218100080B248
:10427000B0F5807F01DBFF20020051480B009BB2AC
:1042800000EB43008282491CD4E760E00021080073
:1042900080B2B0F5007F46DA080080B2B0F5807FCA
:1042A00019DA0A0092B24FF4807042430B009BB2BD
:1042B000080080B200FB132212F580424048B0F89B
:1042C0000D0042434FF4004092FBF0F23C48B0F83E
:1042D0000F00821817E00A0092B20B009BB20C008C
:1042E000A4B23848444303FB024212F5103234486A
:1042F000B0F80D0042434FF4004092FBF0F230481A
:10430000B0F80F008218100080B240F201139842FA
:1043100001DBFF2002002A480B009BB200EB4300A8
:104320008282491CB3E712E00020010089B2B1F596
:10433000007F0ADA2249B1F80F10214A03009BB22C
:1043400002EB43029182401CEFE7FFF73BFF0020A6
:104350001D49088010BD80B580201949A1F80D00C5
:104360004B201749A1F80F004FF4FA701449488206
:10437000012013494874002011490873FFF723FFF7
:1043800001BD80B54FF400731048006810F1380289
:104390000F49104800F09FFE0F480068C06850F4B5
:1043A00080500D490968C8600B480068C06850F427
:1043B000807009490968C8600748FFF7A0FA01BD85
:1043C0006012002000FDFFFF84360020AC34002086
:1043D00074120020F434002064340020EFF30580D0
:1043E00000280CD1EFF31080002808D1DFF8BC01C1
:1043F0000068022806D1EFF31180002802D07FF078
:1044000005000CE0DFF8A4010068002805D10120B8
:10441000DFF898110860002001E05FF0FF3070477E
:1044200080B5EFF3058000280CD1EFF31080002851
:1044300008D1DFF878010068022806D1EFF3118077
:10444000002802D07FF005000EE0DFF86001006870
:10445000012807D10220DFF85411086001F007FAA3
:10446000002001E05FF0FF3002BD2DE9F84785B084
:1044700007008846140000200490EFF30580002810
:1044800072D1EFF3108000286ED1DFF820010068B0
:10449000022803D1EFF31180002865D138000028ED
:1044A00062D0802082461820050000208DF80C0084
:1044B00003A881465FF0FF300600002C33D020684F
:1044C000002801D020688146A069002801D0A06999
:1044D0000500002D04D0392D02D22079C00701D566
:1044E000002042E06069002802D0606980088246AE
:1044F000A06800280BD0E0685C2808D32069002859
:1045000005D06069002802D0012006000DE0A068F7
:1045100000280AD1E068002807D12069002804D1CA
:104520000020060001E000200600012E0CD1A0684A
:104530000290206901900095434652464946380052
:1045400001F018F804900FE0002E0DD104A801909E
:1045500000954346524692B24946380001F056F85B
:10456000012801D000200490049806B0BDE8F0872F
:1045700038B50400EFF3058000280CD1EFF310806C
:10458000002808D1DFF828000068022806D1EFF3E0
:104590001180002802D07FF0050505E00025002CE1
:1045A00002D0200001F03CF9280032BD0C3600207A
:1045B0000C360020074B0360074B0B608023136011
:1045C0007047064B0360064B0B604FF4807313601B
:1045D0007047000014330020743000207033002036
:1045E0007816002080B5084A00210FF23100FFF74D
:1045F0003CFF06490860064A00210648FFF735FFE0
:104600000549086001BD00001C9800081036002014
:1046100040980008619300081436002010B504008B
:1046200001F016FD0120FFF7A3FFFBE762F30F2265
:1046300062F31F42401810F0030308D0C91A1FD3B9
:10464000DB0748BF00F8012D28BF20F8022D13001A
:1046500030B414461546103928BF20E93C00FAD87A
:10466000490728BF20E90C0048BF40F8042D890005
:1046700028BF20F8022D48BF00F8012D30BC70473C
:10468000C91818BF00F8012DCB0728BF00F8012D6D
:1046900070470268531C036011707047F8B504003E
:1046A000002C01D1012039E22078C00740F184803C
:1046B000DFF8B806006810F00C0004280BD0DFF813
:1046C000AC06006810F00C0008280ED1DFF89C063C
:1046D0000068C00309D5DFF89006006880036BD539
:1046E0006068002868D1012018E26068B0F5803F5A
:1046F00008D1DFF87406006850F48030DFF86816DF
:10470000086038E06068002810D1DFF85C060068B7
:1047100030F48030DFF850160860DFF84C0600688F
:1047200030F48020DFF84016086024E06068B0F5BF
:10473000A02F10D1DFF83006006850F48020DFF899
:1047400028160860DFF82006006850F48030DFF893
:10475000181608600FE0DFF81006006830F48030AB
:10476000DFF804160860DFF80006006830F48020E7
:10477000DFF8F4150860606800280ED001F092FCA4
:104780000500DFF8E4050068800315D401F08AFC19
:10479000401B6528F5D30320C0E101F083FC050030
:1047A000DFF8C4050068800306D501F07BFC401BE0
:1047B0006528F5D30320B1E1207880075CD5DFF8C8
:1047C000AC05006810F00C0F0BD0DFF8A0050068F6
:1047D00010F00C0008281AD1DFF890050068C0031B
:1047E00015D4DFF884050068800704D52069012806
:1047F00001D0012092E1DFF87005006830F0F80088
:10480000616950EAC100DFF86015086034E0206992
:1048100000281ED00120DFF86815086001F042FC76
:104820000500DFF844050068800706D401F03AFC73
:10483000401B0328F5D3032070E1DFF82C05006846
:1048400030F0F800616950EAC100DFF81C1508601B
:1048500012E00020DFF82815086001F023FC0500B5
:10486000DFF804050068800706D501F01BFC401B3B
:104870000328F5D3032051E1207800072CD5A06947
:10488000002816D00120DFF8FC14086001F00AFCB3
:104890000500DFF8E8040068800706D401F002FC98
:1048A000401B0328F5D3032038E1012000F048FA2B
:1048B00012E00020DFF8CC14086001F0F3FB0500E3
:1048C000DFF8B8040068800706D501F0EBFB401B59
:1048D0000328F5D3032021E12078400740F1A88088
:1048E0000027DFF8A4040068C00010D4DFF89804A3
:1048F000006850F08050DFF890140860DFF88804FA
:10490000006810F080500090009801200700DFF848
:104910007C040068C00516D4DFF87004006850F409
:104920008070DFF86814086001F0BCFB0500DFF858
:104930005C040068C00506D401F0B4FB401B652888
:10494000F5D30320EAE0E068012808D1DFF840044D
:10495000006850F00100DFF83814086037E0E068C4
:10496000002810D1DFF82804006840084000DFF874
:1049700020140860DFF81804006830F00400DFF845
:104980001014086023E0E068052810D1DFF8000467
:10499000006850F00400DFF8F8130860DFF8F00357
:1049A000006850F00100DFF8E81308600FE0DFF85E
:1049B000E003006840084000DFF8D4130860DFF827
:1049C000D003006830F00400DFF8C4130860E0682A
:1049D000002810D001F066FB0500DFF8B403006882
:1049E000800719D401F05EFB401B41F289318842F7
:1049F000F3D3032092E001F055FB0500DFF89003AC
:104A00000068800708D501F04DFB401B41F2893159
:104A10008842F3D3032081E03800C0B2012807D1D7
:104A2000DFF86403006830F08050DFF85C13086042
:104A3000E069002871D0DFF83403006810F00C0042
:104A4000082855D0E06902283FD10020DFF8441340
:104A5000086001F027FB0700DFF80C030068800105
:104A600006D501F01FFBC01B0328F5D3032055E03A
:104A7000206AB0F5803F09D1DFF8F002016831F417
:104A80000031A0680143DFF8E4020160DFF8DC02D6
:104A9000016831F47411206A0143606A0143DFF850
:104AA000CC0201600120DFF8EC12086001F0FAFA94
:104AB0000500DFF8B402006880012ED401F0F2FA9C
:104AC000401B0328F5D3032028E00020DFF8C412A0
:104AD000086001F0E7FA0500DFF88C020068800149
:104AE0001BD501F0DFFA401B0328F5D3032015E0A6
:104AF000E069012801D1012010E0DFF870020068B0
:104B0000060016F48030216A884204D116F4701031
:104B1000616A884201D0012000E00020F2BD70B53A
:104B200004000D00002C01D10120AEE0DFF8680286
:104B3000006810F00700A84211D2DFF85C0200689C
:104B4000C008C0002843DFF850120860DFF84802B0
:104B5000006810F00700A84201D0012095E02078FD
:104B600080071FD52078400707D5DFF800020068CE
:104B700050F4E060DFF8F41108602078000707D5F2
:104B8000DFF8E801006850F46050DFF8E0110860D9
:104B9000DFF8D801016831F0F001A0680143DFF8C7
:104BA000CC0101602078C00733D56068012805D1A9
:104BB0006D480068800310D4012066E06068022818
:104BC00005D169480068800107D401205DE066488E
:104BD0000068800701D4012057E064480168890813
:104BE0008900606801436148016001F05BFA0600DA
:104BF0005E48006810F00C006168B0EB810F08D0CF
:104C000001F050FA801B41F289318842F0D3032031
:104C10003BE06148006810F0070085420ED25E4814
:104C20000068C008C00028435B4908605A48006813
:104C300010F00700A84201D0012026E020784007AC
:104C400007D54A48016831F4E061E068014347480C
:104C500001602078000708D54448006830F46050AF
:104C6000216950EAC1004149086000F00FF84B4942
:104C70003E4A1268C2F30312895CC8403D4908608D
:104C80003D48006800F032F9002070BD70B400208B
:104C90000021002200230024344D2D6815F00C065D
:104CA000042E02D0082E02D01CE031481BE03C4804
:104CB000C5F38346805D0300E8030DD539482B4ECC
:104CC0003668C6F34046805D0100294800FB03F0CA
:104CD000B0FBF1F0020003E0334800FB03F00200F8
:104CE000100000E0224870BC7047224800687047FE
:104CF00080B5FFF7FAFF2D491C4A1268C2F3C222A1
:104D0000895CC84002BD0F220260184A126812F086
:104D100003024260154A126812F0F0028260134AE0
:104D2000126812F4E062C260104A1268D20812F4EB
:104D3000E0620261184A126812F007020A607047C6
:104D400081B00C490968C9084FF47A72B1FBF2F1DD
:104D500001FB00F1009100BF00994A1E009200295A
:104D6000F9D101B070470000001002400410024069
:104D700000127A00080000200400002024100240E5
:104D800000004242800442421C1002400070004079
:104D900020100240600042420020024004990008B6
:104DA000F4980008C663000800093D0070990008E7
:104DB000F8B50500002600242878C00767D500272D
:104DC0003F480068C0000DD43D48006850F0805056
:104DD0003B4908603A48006810F080500090009805
:104DE0000120070037480068C00513D43548006823
:104DF00050F480703349086001F054F906003148DE
:104E00000068C00506D401F04DF9801B6528F6D373
:104E1000032053E02C48006810F440700400002C7C
:104E200023D0686810F4407084421ED02648006881
:104E300030F4407004000120244908600020234918
:104E4000086021480460E0070FD501F02BF9060047
:104E50001D480068800708D401F024F9801B41F246
:104E600089318842F4D3032028E01748016831F4DF
:104E7000407168680143144801603800C0B20128DD
:104E800005D10F48006830F080500D49086028783F
:104E9000800707D50E48016831F44041A8680143F6
:104EA0000B4801602878C00607D50948016831F42D
:104EB0008001E8680143064801600020F2BD00005F
:104EC0001C1002400070004020100240400442428A
:104ED0000410024003480168034800784118014863
:104EE000016070472C360020FC0100202DE9F841BC
:104EF00087B0040000250026002221001920FDF7BC
:104F0000C0FB1920FDF7D2FB1A48006850F400607E
:104F1000184908601748006810F400600090009875
:104F200001A902A8FFF7EFFEFFF7E2FE0700124813
:104F3000B7FBF0F8B8F1010810481149086040F2D9
:104F4000E7300F49C8600E48C0F8048000200C49C3
:104F5000086100200A4988600948FEF799FC00288A
:104F600003D10748FEF7FEFC00E0012008B0BDE8D1
:104F7000F08100001810024040420F00002C014058
:104F80001C34002080B51348006850F0010011491E
:104F900008601048006810F00100009000980E486A
:104FA000006850F080500C4908600B48006810F011
:104FB00080500090009800220F217FF00100FDF743
:104FC00060FB0648006830F0E06050F00070034974
:104FD000086001BD181002401C100240040001408E
:104FE00010B5044610460A4601462046FFF71EFB50
:104FF000204610BD30B4020092F83C00012801D1D7
:1050000002202CE0012082F83C00022082F83D00C2
:10501000106843681068846833F0700308680343BD
:105020001068436010680F4DA8420BD01068B0F1B3
:10503000804F07D010680C4DA84203D010680B4D6C
:10504000A84205D134F080044868044310688460A5
:10505000012082F83D00002082F83C00002030BC96
:1050600070470000002C0140000400400008004090
:1050700001000022002901D101202BE00B68DFF89C
:105080002C02C3181420B3FBF0F080000864DFF892
:105090002002C863022081F82100086803686FF3CA
:1050A0000D134868034388680343C86803430869CD
:1050B00003434869034388690343C8690343086895
:1050C000036000208863012081F82100002081F81E
:1050D0002000002070472DE9F04104000D0016006B
:1050E0001F005FF0000894F82000012801D1022081
:1050F00025E0012084F8200094F82100012817D130
:10510000022084F821000020A06320680068400885
:105110004000216808603B0032002900200000F0B8
:10512000D7F82068006850F001002168086004E0AA
:10513000002084F82000022080464046C0B2BDE82E
:10514000F08170B50400E06B0568206806680421F2
:10515000206C81400D423ED070073CD5206800682D
:10516000800605D42068006830F0040021680860DB
:1051700020685049884201D1042023E020684E492C
:10518000884201D140201DE020684C49884202D16C
:105190004FF4806016E020684949884202D14FF4FC
:1051A00080400FE020684749884202D15FF48020A8
:1051B00008E020684449884202D15FF4800001E0A1
:1051C0005FF0806041490860E06A00286DD02000EF
:1051D000E16A884769E00221206C81400D4244D099
:1051E000B00742D520680068800608D420680068AF
:1051F00030F00A0021680860012084F8210020684E
:105200002C49884201D1022023E020682A498842A3
:1052100001D120201DE020682849884202D14FF4A6
:10522000007016E020682649884202D14FF40050F1
:105230000FE020682349884202D15FF4003008E083
:1052400020682149884202D15FF4001001E05FF03C
:1052500000701E490860002084F82000A06A002821
:1052600023D02000A16A88471FE00821206C8140DC
:105270000D421AD0300718D52068006830F00E00B3
:10528000216808600121206C8140E06B41600120B1
:10529000A063012084F82100002084F82000206B06
:1052A000002802D02000216B884770BDF8FFFDBFA9
:1052B00000000240080002401C0002403000024092
:1052C00044000240580002406C00024004000240CA
:1052D00030B40125046CA540C46B6560046863604C
:1052E0004468102C04D10468A2600468E16003E003
:1052F0000468A1600468E26030BC70472DE9F8439F
:1053000002005FF0000E5FF00008086830FA0EF04F
:10531000002800F00481012010FA0EF00300086854
:10532000184004009C4240F0F7804868002831D0C3
:10533000012820D0022825D003283CD011281DD0D8
:10534000122823D0DFF8DCC1604523D0DFF8D8C1B4
:1053500060451FD0DFF8D4C160451BD0DFF8D0C155
:10536000604517D0DFF8CCC1604513D0DFF8C8C165
:1053700060450FD022E0C86880461FE0C868001D65
:1053800080461BE0C8680830804617E0C8680C30CB
:10539000804613E08868002802D10420804609E096
:1053A0008868012803D108208046136102E00820A4
:1053B0008046536102E000208046FFE7B4F5807F1D
:1053C00001D2160000E0161DB4F5807F02D25FEA1C
:1053D0008E0702E0BEF10807BF00D6F800C00F201C
:1053E000B8403CEA000C18FA07F050EA0C0CC6F87A
:1053F00000C04868C00040F18F805048006850F0FD
:105400000100DFF838C1CCF800004C48006810F00B
:105410000100009000984A48F4465FEA9C0C50F85E
:105420002CC05FF00F091EF00300C0B2800019FA13
:1054300000F93CEA090C4348824202D15FF00009BE
:1054400013E04148824202D15FF001090DE03F487C
:10545000824202D15FF0020907E03D48824202D158
:105460005FF0030901E05FF0040965461EF00300E8
:10547000C0B2800019FA00F959EA05053048F4462F
:105480005FEA9C0C40F82C504868C00207D53148B0
:1054900000682043DFF8BCC0CCF8000006E02D48CF
:1054A0000068A043DFF8ACC0CCF800004868800278
:1054B00007D5294800682043DFF89CC0CCF80000DD
:1054C00006E025480068A043DFF88CC0CCF8000057
:1054D0004868800307D5214800682043DFF87CC076
:1054E000CCF8000006E01D480068A043DFF86CC05F
:1054F000CCF800004868C00307D51948006820436D
:10550000DFF85CC0CCF8000006E015480068A04356
:10551000DFF84CC0CCF800001EF1010EF5E6BDE846
:10552000F183000000001110000012100000211093
:10553000000022100000311000003210181002404C
:105540000800014000080140000C0140001001402B
:1055500000140140080401400C040140040401400F
:1055600000040140704770477047704770477047AC
:10557000704770472DE9F84785B006000F00904648
:1055800099460F9C109D002C07D1502080F3118864
:10559000BFF34F8FBFF36F8FFEE7002D07D1502071
:1055A00080F31188BFF34F8FBFF36F8FFEE75C204E
:1055B000009000985C2807D0502080F31188BFF33A
:1055C0004F8FBFF36F8FFEE7002D19D0002C17D03F
:1055D000AA46CAF8304002208AF8590000200390F9
:1055E000CDF808A004A801900E9800904B464246C2
:1055F0003900300000F043F8504600F0B0F801E008
:1056000000200490049806B0BDE8F0872DE9F84327
:1056100084B006000F0090469946404680B2800054
:1056200000F046FD0500002D0BD05C2000F040FD91
:105630000400002C01D0256304E0280000F0C5FD23
:1056400000E00024002C15D0002084F85900002030
:10565000039002940D9801900C9800904B4642469E
:1056600092B23900300000F00AF8200000F077F81C
:10567000012001E05FF0FF3005B0BDE8F0832DE9C7
:10568000F14F82B00D0016001F00DDF830800D9C38
:10569000DDF83890B00000905FF0A50BD9F830A08D
:1056A0005A4600995046FEF7C1FFD9F8300000EB8A
:1056B0008600B0F1040A5FEADA0A5FEACA0A1AF061
:1056C0000700002807D0502080F31188BFF34F8FC8
:1056D000BFF36F8FFEE75FF0000BBBF1100F0CD232
:1056E00015F80B0009EB0B0181F8340015F80B00DD
:1056F000002802D01BF1010BEFE7002089F84300DE
:10570000B8F1380F01D337208046C9F82C80C9F88A
:105710004C800020C9F8500019F1040000F015FE7B
:1057200019F1180000F011FEC9F81090D8F13800F6
:10573000C9F81800C9F824900020C9F854000020C6
:1057400089F858003A000299504600F03DFEC9F829
:105750000000002C01D0C4F80090BDE8F78F10B510
:10576000040000F0A7FEDFF854040068401CDFF8D6
:105770004C140860DFF84804006800280AD1DFF8FC
:1057800040040460DFF834040068012811D100F0FF
:1057900016FB0EE0DFF860040068002809D1E06A1B
:1057A000DFF81C140968C96A884202D3DFF81004C4
:1057B0000460DFF848040068401CDFF8401408600B
:1057C000DFF8380400686064DFF834040068E16AD8
:1057D000884203D2E06ADFF828140860211DDFF850
:1057E0002424E36A1420434302EB030000F0B0FDDD
:1057F00000F07DFEDFF80004006800280FD0DFF81D
:10580000C0030068C06AE16A884208D25FF0805035
:10581000DFF8C8140860BFF34F8FBFF36F8F10BD60
:1058200038B505000024002D15D0DFF8A804006865
:10583000002807D0502080F31188BFF34F8FBFF3AB
:105840006F8FFEE700F062F80021280000F0B2FB45
:1058500000F064F80400002C08D15FF08050DFF8FD
:105860007C140860BFF34F8FBFF36F8F31BD10B54D
:1058700086B0002004900020039005AA03A904A884
:10588000FEF798FE04980290039801900020009083
:105890000023059ADFF85C160FF2FD40FFF76AFE61
:1058A000DFF854160860DFF850060068002801D0C1
:1058B000012400E00024012C02D100F07DFE040050
:1058C000012C16D1502080F31188BFF34F8FBFF306
:1058D0006F8F5FF0FF30DFF8B81608600120DFF847
:1058E000181308600020DFF8F013086000F091FD45
:1058F0000AE014F1010F07D1502080F31188BFF3A3
:105900004F8FBFF36F8FFEE706B010BDDFF8C40303
:105910000068401CDFF8BC130860704770B50025B4
:105920000026DFF8B0030068002807D1502080F37C
:105930001188BFF34F8FBFF36F8FFEE700F0BAFD02
:10594000DFF890030068401EDFF888130860DFF876
:105950008403006800285CD1DFF86002006800283A
:1059600057D0DFF88C05006800282AD0DFF88005C2
:10597000C068C068050015F1180000F010FD281D72
:1059800000F00DFDDFF878020068E96A884203D272
:10599000E86ADFF86C120860291DDFF86822EB6AFC
:1059A0001420434302EB030000F0D2FCE86A844970
:1059B0000968C96A8842D4D30120DFF8DC15086081
:1059C000CFE7002D01D000F06DFADFF8C8050468BC
:1059D000002C0ED000F025F8002803D00120DFF8BD
:1059E000B8150860641E002CF4D10020DFF8A4155F
:1059F0000860DFF8A405006800280AD0012006002E
:105A00005FF08050DFF8D4120860BFF34F8FBFF310
:105A10006F8F00F06CFD300070BDDFF8BC020068D5
:105A200070472DE9F0410027AA48006800287AD184
:105A3000A9480468641CA8480460002C24D1DFF83D
:105A4000B40200680068002807D0502080F3118855
:105A5000BFF34F8FBFF36F8FFEE7DFF89802D0F8E8
:105A60000080DFF894020068DFF888120860DFF831
:105A70008802C0F80080DFF824050068401CDFF8C9
:105A80001C15086000F00EFADFF804050068844277
:105A90003DD3DFF8600200680068002805D15FF0A0
:105AA000FF30DFF8EC14086031E0DFF848020068EE
:105AB000C068C068050068680600B44203D2DFF819
:105AC000D004066023E0281D00F069FCA86A0028C5
:105AD00003D015F1180000F062FC49480068E96A3B
:105AE000884202D2E86A46490860291D454AEB6AA5
:105AF0001420434302EB030000F02AFCE86A30491B
:105B00000968C96A8842C4D301200700C1E72C484C
:105B100000683C49C26A142042438858022809D3CD
:105B20000120070006E0DFF86C040068401CDFF885
:105B300064140860DFF860040068002801D00120C8
:105B400007003800BDE8F08162480068002804D0F2
:105B50000120DFF8441408602EE00020DFF838143C
:105B60000860274800682749142202FB00F2895880
:105B700000290BD1002807D1502181F31188BFF3F0
:105B80004F8FBFF36F8FFEE7401EECE71D491422D5
:105B900002FB00F211444A6852684A604A6811F1F7
:105BA00008039A4202D14A6852684A604968C96843
:105BB000034A116012490860704700004036002017
:105BC0003036002038B504000D00002C07D15020DD
:105BD00080F31188BFF34F8FBFF36F8FFEE7DFF8BD
:105BE000C403006810F11801200000F0BDFB012182
:105BF000280000F0DFF931BD4C3600205C36002073
:105C000048360020000E002070B505000E0014007C
:105C1000002D07D1502080F31188BFF34F8FBFF3C1
:105C20006F8FFEE7DFF8F403006810F11801280019
:105C300000F08EFB002C02D05FF0FF300600210048
:105C4000300000F0B7F970BD000038B50500E86815
:105C5000C468002C07D1502080F31188BFF34F8F08
:105C6000BFF36F8FFEE714F1180000F098FB19489E
:105C70000068002817D1201D00F091FBDFF82803F1
:105C80000068E16A884203D2E06ADFF81C1308600A
:105C9000211DDFF81823E36A1420434302EB0300BD
:105CA00000F056FB05E014F11801DFF8440200F0A3
:105CB0004FFBDFF8F0020068C06AE16A884205D253
:105CC00001200121DFF8D822116000E0002032BD60
:105CD00000000000683600204436002004ED00E09B
:105CE000DFF8B81209680160DFF834130968416011
:105CF0007047000034360020383600202DE9F0418E
:105D000004000D00002C07D1502080F31188BFF350
:105D10004F8FBFF36F8FFEE7002D07D1502080F328
:105D20001188BFF34F8FBFF36F8FFEE700F0C2FB08
:105D3000DFF8EC0206686768F71B286810F1010FAE
:105D400002D15FF000081BE0DFF850020068216814
:105D5000884205D06068864202D35FF001080FE0F8
:105D60002868874208D22868C01B28602000FFF7F7
:105D7000B7FF5FF0000803E0002028605FF0010833
:105D800000F0B5FB4046BDE8F08100000120DFF8DF
:105D9000101208607047000010B5040000F03BF8D6
:105DA000DFF8080200680228F8D35FF08050DFF8BF
:105DB00074120860BFF34F8FBFF36F8FEEE710B51B
:105DC0000024382C09D2DFF8E401142101FB04F18E
:105DD000084400F0ABFA641CF3E7DFF84C0200F073
:105DE000A5FADFF8480200F0A1FA414800F09EFA57
:105DF000DFF83C0200F09AFADFF8380200F096FA79
:105E0000DFF82402DFF830120860DFF82002DFF844
:105E10002C12086010BD10B5DFF8240200680028BD
:105E20001DD000F047FBDFF80802C068C06804001E
:105E3000201D00F0B4FADFF80C020068401EDFF805
:105E400004120860DFF8F8010068401EDFF8F01166
:105E5000086000F04CFB200000F002F8DCE710BD09
:105E600010B5040094F85900002806D1206B00F00A
:105E7000ACF9200000F0A9F913E094F859000128CA
:105E800003D1200000F0A1F90BE094F8590002289A
:105E900007D0502080F31188BFF34F8FBFF36F8F6F
:105EA000FEE710BDDFF8900100680068002804D10B
:105EB0005FF0FF30364A106008E0DFF87C010068D0
:105EC000C068C06801004868314A10607047DFF858
:105ED00078010068002801D1012007E0DFF8D00038
:105EE0000068002801D1022000E000207047000077
:105EF000A0350020789900086436002070B50400B1
:105F000025000026002C40D0DFF89800006885426C
:105F100007D0502080F31188BFF34F8FBFF36F8FEE
:105F2000FEE7286D002807D1502080F31188BFF3C9
:105F30004F8FBFF36F8FFEE7286D401E2865E86A1C
:105F4000E96C884221D0286D00281ED1281D00F060
:105F500026FAE86CE862E86AD0F13800A861DFF858
:105F600048000068E96A884203D2E86ADFF838101E
:105F70000860291DDFF83420EB6A1420434302EB4C
:105F8000030000F0E5F901200600300070BD0000BC
:105F9000603600205036002054360020583600204D
:105FA000543600203036002048360020000E0020F5
:105FB00068360020F8B505000C0019480768174836
:105FC0000068001D00F0EBF915F1010F08D1002C5D
:105FD00006D012480068011D164800F0B9F91BE010
:105FE000E81906000D4800684660BE4207D20B481B
:105FF0000068011D1148006800F0B6F90CE0074880
:106000000068011D0C48006800F0AEF90F480068F8
:10601000864201D20D480660F1BD000030360020F6
:106020004436002004ED00E0783500208C35002057
:10603000B4350020C8350020343600203836002022
:106040003C360020403600204C36002060360020D0
:1060500080B500220F491048FCF73AFB002801D018
:10606000FCF780FD0D490C48FCF74EFB002801D0E1
:10607000FCF778FD0A49084800F090FE002801D09E
:10608000FCF770FD0448FCF74AFB002801D0FCF740
:1060900069FD01BD2C0100203829002018000020D6
:1060A0001C01002001480068704700BF2C3600200A
:1060B0002DE9F04104005FF00008FFF727FC944849
:1060C0000068002801D100F0BDF892480068044241
:1060D0006AD1002C15D090480068041914F0070FFD
:1060E0000FD014F1080014F00704041B14F0070F7C
:1060F00007D0502080F31188BFF34F8FBFF36F8F0D
:10610000FEE7002C50D085480068A0424CD384485C
:1061100006008348006805006868A04205D2286828
:10612000002802D02E002D68F6E7794800688542E5
:106130003AD0306878490968084480462868306059
:106140007548006840006968091B884215D205EB54
:106150000400070017F00700002807D0502080F344
:106160001188BFF34F8FBFF36F8FFEE76868001B86
:1061700078606C60380000F09AF8684801686868D8
:10618000091A6648016065480068664909688842DE
:1061900003D2624800686349086069685D48006826
:1061A0000143696000202860FFF7B8FB18F0070082
:1061B000002807D0502080F31188BFF34F8FBFF322
:1061C0006F8FFEE74046BDE8F08170B50400260001
:1061D000002C36D0504800684042064435006868BC
:1061E0004C490968084207D1502080F31188BFF359
:1061F0004F8FBFF36F8FFEE72868002807D050202D
:1062000080F31188BFF34F8FBFF36F8FFEE768688D
:1062100040490968084214D02868002811D16968EB
:106220003C48006881436960FFF770FB3B480168A8
:106230006868411839480160280000F038F8FFF715
:106240006DFB70BD70B44FF44062374911F0070F19
:1062500005D0C91DC908C900521A334882180B005D
:106260002F48036000202E4C6060D4182A48006834
:10627000241AE408E400264804600020244D2D6818
:1062800068600020224D2D6828601800251A45609E
:106290001F4D2D6805604568224E356045681F4ECC
:1062A00035605FF000451B4E356070BC704730B400
:1062B0001B4A1168814201D21268FAE71400516842
:1062C0002144814204D153684168CB1853601000C7
:1062D0000300416819441568A94211D111680C4C9A
:1062E0002468A14208D04468116849680C194460C8
:1062F00011680968016005E005490968016001E06D
:1063000011680160824200D0106030BC704700000C
:106310001836002024360020989900081C360020EA
:1063200004360020203600200002002010F1080171
:1063300041605FF0FF31816010F10801C16010F130
:10634000080101610021016070470021016170476F
:1063500042684A6093688B609368596091600861F5
:1063600003685B1C0360704710B40B6813F1010FE6
:1063700001D1026907E010F1080254682468A342C1
:1063800001D35268F9E754684C604C68A1608A6098
:10639000516008610468641C046010BC704701000F
:1063A00008698A684B689A604A688B685A604268D4
:1063B0008A4201D18A68426000220A610268521E44
:1063C0000260006870470102001F5FF08073036085
:1063D000001F4B085B000360001F0FF20D030360FA
:1063E00014380260203870476B48006810F1010FC4
:1063F00007D0502080F31188BFF34F8FBFF36F8F0A
:10640000FEE7502080F31188BFF34F8FBFF36F8FEB
:10641000FEE7E0B5614801780191FF210170017844
:106420008DF800109DF8001011F050015C4A1170B9
:1064300007215C4A11609DF8001009060AD55949E8
:106440000968491E574A11609DF8001049008DF8EF
:106450000010F0E753490968D1F10701042907D07A
:10646000502181F31188BFF34F8FBFF36F8FFEE789
:106470004C49096809024B4A11604A49096811F4FC
:10648000E061484A1160019901704748006850F482
:106490007000454908604448006850F07040424927
:1064A000086000F0D9FC00203B49086000F023FDA3
:1064B00000200EBD502080F31188BFF34F8FBFF333
:1064C0006F8F35480068401C3349086032480068C7
:1064D00001280BD135480068000607D0502080F312
:1064E0001188BFF34F8FBFF36F8FFEE770472A48C5
:1064F0000068002807D1502080F31188BFF34F8F28
:10650000BFF36F8FFEE724480068401E22490860F1
:1065100021480068002802D1002080F311887047CC
:1065200080B5502080F31188BFF34F8FBFF36F8F7A
:10653000FFF777FA002803D05FF080501B4908600E
:10654000002080F3118801BDEFF30580102811D3DE
:10655000174A1268125C11000A00114B1B78D2B264
:106560009A4207D2502282F31188BFF34F8FBFF3B4
:106570006F8FFEE70B4A12680E4B1B6813F4E06343
:106580009A4207D2502282F31188BFF34F8FBFF394
:106590006F8FFEE7704700000000002000E400E07D
:1065A000863600202836002020ED00E004ED00E0D3
:1065B0009C9900080CED00E010B586B0002400F0B6
:1065C0000BFADFF868040068002820D0002004904F
:1065D0000020039005AA03A904A8FDF7F2FF049880
:1065E000029003980190022000900023059ADFF8A2
:1065F00040140FF21D10FEF7BDFFDFF838140860DD
:10660000DFF830040068002801D001200400002CCD
:1066100007D1502080F31188BFF34F8FBFF36F8FE6
:10662000FEE7200006B010BD2DE9F84384B0040059
:106630000D0016001F00DDF830805FF00009002C0F
:1066400007D1502080F31188BFF34F8FBFF36F8FB6
:10665000FEE7DFF8D8030068002825D000950196F2
:106660000294062D17DAFFF732FC022809D1002325
:1066700042466946DFF8B403006800F014FD814625
:1066800012E0002300226946DFF8A003006800F052
:106690000AFD814608E000233A006946DFF88C03D2
:1066A000006800F0D3FD8146484605B0BDE8F083A0
:1066B000F8B505000E00DFF880030068C068C76801
:1066C000381DFFF76CFEF86901281BD12B00320042
:1066D000B9694919380000F08FF8002812D000205D
:1066E000009000232A0000213800FFF79DFF0400DE
:1066F000002C07D1502080F31188BFF34F8FBFF3D8
:106700006F8FFEE73800796A8847F1BD000000000E
:1067100038B50400684600F042F8050000992800EA
:1067200000F003F800F091F8F4E77CB505000C00E8
:10673000FFF7ECF8684600F049F8060000980028DA
:106740002AD1002C08D1AE4206D3FFF7E7F831007A
:106750002800FFF7ADFF21E0002C08D0DFF8DC02B5
:1067600000680068002801D1012400E00024220014
:10677000A91BDFF8B802006800F064FFFFF7CEF84D
:1067800000280BD15FF08050DFF8B4120860BFF32F
:106790004F8FBFF36F8F01E0FFF7C0F873BD0100AB
:1067A000DFF8940200680068002801D1012000E0B1
:1067B0000020C0B208600868002805D1DFF8780220
:1067C0000068C068006800E00020704738B5040029
:1067D000FFF723F90500DFF86C020068854204D258
:1067E00000F0B7F80120206001E000202060DFF811
:1067F00054020560280032BD2DE9F04104000D006F
:1068000016001F005FF0000865602461AE420DD3E2
:10681000F01BA169884202D30120804612E0211DAD
:10682000DFF818020068FFF79FFD0BE0BE4204D2BC
:10683000BD4202D30120804604E0211D7E4800684D
:10684000FFF792FD4046BDE8F081F8B586B0002222
:1068500001A97648006800F069FD002877D001980A
:1068600000280ED502AD002D07D1502080F31188ED
:10687000BFF34F8FBFF36F8FFEE7A96868682A6880
:10688000904701980028E2D4039806007069002818
:1068900002D0301DFFF783FD05A8FFF797FF070023
:1068A000019800280ED002280CD00BD3042830D039
:1068B0002ED3062806D041D3082829D002D3092890
:1068C00027D043E0029B3A000299B069411830009A
:1068D000FFF792FF00281AD03000716A8847F069EC
:1068E000012814D1002000900023029AB069821878
:1068F00000213000FFF798FE0400002C07D1502043
:1069000080F31188BFF34F8FBFF36F8FFEE79EE7D1
:106910009DE70298B061B069002807D1502080F34C
:106920001188BFF34F8FBFF36F8FFEE73B003A0034
:10693000B169C9193000FFF75FFF88E796F82C00AE
:10694000002802D13000FFF740FC80E77FE707B066
:10695000F0BDF8B5384800680068002833D03648E4
:106960000068C0680068050033480068C068C068F7
:106970000700381DFFF713FD3800796A8847F8696A
:106980000128E7D1B86940190600B54207D27E60F8
:106990003F61391D28480068FFF7E6FCDAE7002070
:1069A000009000232A0000213800FFF73DFE04007C
:1069B000002C07D1502080F31188BFF34F8FBFF315
:1069C0006F8FFEE7C6E71C4800681C4909681A4A31
:1069D00011601A490860F1BD80B5FFF76BFD1348DF
:1069E000006800281ED11848FFF7A0FC1748FFF7E1
:1069F0009DFC1548104908601448104908600020A3
:106A00000090134B134A10210A2000F0D1FA0749D5
:106A1000086006480068002804D00F490348006851
:106A200000F0FBFDFFF763FD01BD000074360020A0
:106A300080990008783600206C36002070360020DF
:106A400004ED00E07C360020DC350020F03500202D
:106A5000CC3300207432002088990008F8B5050076
:106A60000E000027287C002813D14FF40073022267
:106A700081212800FAF771FC0120E8624FF40073CD
:106A8000022201212800FAF768FC0120C5F86C01F8
:106A900010E04023022281212800FAF75EFC012049
:106AA000E8624023022201212800FAF756FC012067
:106AB000C5F86C010823032282212800FAF74DFC57
:106AC000012028644FF40770FAF712FDC5F8B802E8
:106AD000D5F8B802002802D1012007001FE0D5F840
:106AE000B8020400D5F8BC02006880470020C4F852
:106AF00014020020C4F81802287C002808D14FF4A2
:106B00000073D4F8042201212800FAF7CCFC06E037
:106B10004023D4F8042201212800FAF7C4FC3800ED
:106B2000C0B2F2BD70B504000D0000268121200026
:106B3000FAF72FFC0020E06201212000FAF729FC7F
:106B40000020C4F86C0182212000FAF722FC00200A
:106B50002064D4F8B80200280AD0D4F8BC024068F7
:106B60008047D4F8B802FAF7D1FC0020C4F8B80284
:106B70003000C0B270BDF8B504000D00D4F8B862A2
:106B800000208DF800000020ADF8020000272878D2
:106B900010F06000002828D0202863D1E888002861
:106BA0001BD0287800060CD5EA8831006878D4F824
:106BB000BC329B689847EA8831002000FCF732FC21
:106BC00012E0687886F80002E88886F80102EA8810
:106BD00031002000FCF749FC06E00022290068781B
:106BE000D4F8BC329B68984742E06878002804D00B
:106BF0000A2814D00B2823D02DE094F89C020328F7
:106C000006D102220DF102012000FCF70BFC05E089
:106C100029002000FCF7C9FB0220070021E094F8BE
:106C20009C02032805D1012269462000FCF7FAFBEB
:106C300005E029002000FCF7B8FB0220070010E067
:106C400094F89C02032805D029002000FCF7ADFB36
:106C50000220070005E029002000FCF7A6FB022027
:106C6000070005E029002000FCF79FFB0220070039
:106C70003800C0B2F2BDF8B504000D00D4F8B86217
:106C8000D4F8C072D4F8B802002831D02900C9B2B3
:106C90001420414304EB0100C069002823D02900DF
:106CA000C9B21420414304EB0100C0692A00D2B2EA
:106CB00028214A4307EB0201896BB0FBF1F201FB8B
:106CC000120000280FD100212A00D2B21420424322
:106CD00004EB0200C161002300222900C9B2200098
:106CE000FAF7C6FB02E00020C6F81402002000E01C
:106CF0000220F2BD70B504000D00D4F8B86229007E
:106D0000C9B22000FAF7EAFBC6F80C02D4F8B802C0
:106D1000002809D016F50371D6F80402D4F8BC2275
:106D2000D2689047002000E0022070BD38B5040012
:106D3000D4F8B852D4F8BC02002810D095F800025C
:106D4000FF280CD095F8012292B2290095F8000294
:106D5000D4F8BC329B689847FF2085F800020020D9
:106D600032BD0100432008800848704701004320DD
:106D70000880074870470100432008800548704795
:106D800001000A2008800448704700009400002099
:106D900050000020D80000200C000020020002203B
:106DA000002903D0C2F8BC1200231800C0B27047FB
:106DB00010B40300D3F8B842C4F80812100080B22F
:106DC000C4F81002002010BC70470200D2F8B8329C
:106DD000C3F804120020704738B50400D4F8B85244
:106DE000D4F8B802002816D0D5F81402002810D123
:106DF0000120C5F81402D5F810022063D5F810322E
:106E00009BB2D5F8082281212000FAF731FB00203F
:106E100002E0012000E0022032BD38B50400D4F8C1
:106E2000B852D4F8B802002814D0207C002808D129
:106E30004FF40073D5F8042201212000FAF733FB48
:106E400006E04023D5F8042201212000FAF72BFBAD
:106E5000002000E0022032BD002009490860002027
:106E600008490860084800684FF47A71B0FBF1F0F7
:106E7000401E06490860072001490860704700BFAE
:106E800010E000E018E000E00800002014E000E05E
:106E9000EFF30980BFF36F8F1D4B1A6820E9F00FE5
:106EA000106008B54FF0500080F31188BFF34F8F8A
:106EB000BFF36F8FFEF748FE4FF0000080F311889C
:106EC000BDE8084019680868B0E8F00F80F3098849
:106ED000BFF36F8F70470E4B19680868B0E8F00F6A
:106EE00080F30988BFF36F8F4FF0000080F31188A3
:106EF0004EF00D0E704707480068006880F3088860
:106F000062B661B6BFF34F8FBFF36F8F00DF000033
:106F10003036002008ED00E070B506000C003500AA
:106F2000002D07D1502080F31188BFF34F8FBFF39E
:106F30006F8FFEE7FFF7BEFA2968EA6B286C4243C1
:106F400001EB020068600020A8632868A860296837
:106F5000EA6B521E286C424301EB0200E8605FF0CE
:106F6000FF3085F844005FF0FF3085F84500002CC5
:106F700012D12869002817D015F11000FEF765FE20
:106F8000002811D05FF08050DFF80C150860BFF3C7
:106F90004F8FBFF36F8F07E015F11000FFF7C6F9B1
:106FA00015F12400FFF7C2F9FFF7A1FA012070BD27
:106FB0002DE9F84306000C0015001F00DDF82090B5
:106FC000002E07D1502080F31188BFF34F8FBFF3FD
:106FD0006F8FFEE7002F07D1502080F31188BFF399
:106FE0004F8FBFF36F8FFEE7002D01D0002C01D033
:106FF000012000E00020C0B2002807D1502080F31B
:107000001188BFF34F8FBFF36F8FFEE7002D01D1C3
:10701000002C01D1012000E00020C0B2002807D1DF
:10702000502080F31188BFF34F8FBFF36F8FFEE7BF
:10703000502000900098502807D0502080F31188ED
:10704000BFF34F8FBFF36F8FFEE7B846B8F1000F65
:107050000BD0012088F84600CDF800804B46DBB20B
:107060002A002100300000F003F84046BDE8F2831A
:107070002DE9F04105000C0016001F00DDF8188016
:10708000002C02D1C8F8008001E0C8F80060C8F800
:107090003C50C8F8404001214046FFF73DFF88F8CA
:1070A0004C70BDE8F0812DE9F74380460D0099460C
:1070B00000244646002E07D1502080F31188BFF3EC
:1070C0004F8FBFF36F8FFEE7002D02D1306C002889
:1070D00001D1012000E00020C0B2002807D15020DB
:1070E00080F31188BFF34F8FBFF36F8FFEE7B9F1C5
:1070F000020F02D1F06B012801D1012000E0002035
:10710000C0B2002807D1502080F31188BFF34F8F01
:10711000BFF36F8FFEE7FEF7DAFE002802D1029878
:10712000002801D1012000E00020C0B2002807D1D2
:10713000502080F31188BFF34F8FBFF36F8FFEE7AE
:10714000FFF7B8F9B06BF16B884202D3B9F1020FC7
:1071500027D14A462900300000F0A0F90700706AE4
:1071600000280FD016F12400FEF76FFD002814D080
:107170005FF08050DFF820130860BFF34F8FBFF33C
:107180006F8F0AE0002F08D05FF08050DFF80813FF
:107190000860BFF34F8FBFF36F8FFFF7A8F901208F
:1071A00052E00298002803D1FFF7A1F900204BE03C
:1071B000002C04D16846FEF793FD01200400FFF780
:1071C00096F9FEF7A3FBFFF775F996F9440010F165
:1071D000010F02D1002086F8440096F9450010F115
:1071E000010F02D1002086F84500FFF780F902A9BF
:1071F0006846FEF783FD002820D1300000F0FEF93C
:10720000002815D0029916F11000FEF7DBFC3000C3
:1072100000F0ADF9FEF782FB002891D15FF08050BD
:10722000DFF874120860BFF34F8FBFF36F8F87E7EB
:10723000300000F09CF9FEF771FB81E7300000F0B0
:1072400096F9FEF76BFB0020BDE8FE832DE9F047C1
:1072500007000C00150098463E00002E07D1502074
:1072600080F31188BFF34F8FBFF36F8FFEE7002CC1
:1072700002D1306C002801D1012000E00020C0B212
:10728000002807D1502080F31188BFF34F8FBFF340
:107290006F8FFEE7B8F1020F02D1F06B012801D128
:1072A000012000E00020C0B2002807D1502080F368
:1072B0001188BFF34F8FBFF36F8FFEE7FFF744F9DD
:1072C000EFF31189502080F31188BFF34F8FBFF384
:1072D0006F8FB06BF16B884202D3B8F1020F20D1EF
:1072E00096F945A042462100300000F0D7F85046FC
:1072F0005FF0FF3140B288420DD1706A00280ED095
:1073000016F12400FEF7A1FC002808D0002D06D0BD
:107310000120286003E01AF1010086F845000120F1
:1073200000E0002089F31188BDE8F0872DE9F641DF
:1073300082B080460E0000244746002F07D150201F
:1073400080F31188BFF34F8FBFF36F8FFEE7002EDE
:1073500002D1386C002801D1012000E00020C0B229
:10736000002807D1502080F31188BFF34F8FBFF35F
:107370006F8FFEE7FEF7ABFD002802D103980028CF
:1073800001D1012000E00020C0B2002807D1502028
:1073900080F31188BFF34F8FBFF36F8FFEE7FFF7C6
:1073A00089F8BD6B002D1BD03100380000F0C4F807
:1073B000681EB863386900280ED017F11000FEF778
:1073C00044FC002808D05FF08050DFF8CC10086043
:1073D000BFF34F8FBFF36F8FFFF789F8012057E09E
:1073E0000398002803D1FFF782F8002050E0002C1A
:1073F00004D16846FEF774FC01200400FFF777F81B
:10740000FEF784FAFFF756F897F9440010F1010FE0
:1074100002D1002087F8440097F9450010F1010FD0
:1074200002D1002087F84500FFF761F803A96846FC
:10743000FEF764FC002820D1380000F0D1F80028C5
:1074400015D0039917F12400FEF7BCFB380000F0BB
:107450008EF8FEF763FA0028A1D15FF08050DFF8C4
:1074600038100860BFF34F8FBFF36F8F97E7380076
:1074700000F07DF8FEF752FA91E7380000F077F857
:10748000FEF74CFA380000F0ABF8002887D0002057
:1074900004B0BDE8F081000004ED00E02DE9F84FF4
:1074A00006000F0014005FF00008B56B306C002878
:1074B00009D1306800283AD17068FEF71FFD804678
:1074C0000020706033E0002C14D1D6F84090BA460A
:1074D000D6F808B04A4651465846FAF7E5FFB06874
:1074E000316C0844B060B068716888421FD330685E
:1074F000B0601CE0D6F84090BA46D6F80CB04A46C8
:1075000051465846FAF7D0FFF068316C49420844BA
:10751000F060F0683168884204D27068316C49428A
:107520000844F060022C02D1002D00D06D1E681CB2
:10753000B0634046BDE8F28F2DE9F04104000D0034
:10754000206C002811D0E068216C0844E060E068FD
:107550006168884201D32068E060266CE768A8462D
:10756000320039004046FAF79FFFBDE8F08170B560
:107570000400FEF79FFF94F94550280040B201280F
:107580000CDB606A002809D014F12400FEF75DFBD3
:10759000002801D0FEF7FAFB6D1EEEE75FF0FF302A
:1075A00084F84500FEF7A3FFFEF784FF94F94460DA
:1075B000300040B201280CDB2069002809D014F10A
:1075C0001000FEF742FB002801D0FEF7DFFB761E1D
:1075D000EEE75FF0FF3084F84400FEF788FF70BDEF
:1075E00038B50400FEF766FFA06B002801D1012525
:1075F00000E00025FEF77BFF280032BD38B504000F
:10760000FEF758FFA06BE16B884201D1012500E035
:107610000025FEF76CFF280032BD0023082B0ED298
:10762000074A52F83320002A07D1054A42F833109E
:10763000034A02EBC302506001E05B1CEEE77047B7
:1076400038350020F8B504000D0016002700FEF7BD
:1076500031FF97F9440010F1010F02D1002087F8A3
:10766000440097F9450010F1010F02D1002087F87E
:107670004500FEF73CFFB86B002805D13200290019
:1076800017F12400FEF7C0FA3800FFF770FFF1BDD4
:107690002DE9F14FB0B09946924600233A9A0691EF
:1076A000CDE900338DF84B200F9311E0309E574603
:1076B0002C4617F8011B0698B0470028069000F0EA
:1076C00029810F98401C641E0F90F2D13096AA4475
:1076D0009AF80000252809D10021002209910A9278
:1076E0000B910C920D910E9200200FE06A464FF024
:1076F000FF31504601F010F8050002D10F9800F05C
:107700000FBED3D50125E2E740F001001AF8011FB2
:107710002029F9D023290CD02B2904D02D2905D0DC
:10772000302909D00BE040F00200EFE740F0040000
:10773000ECE740F00800E9E740F01000E6E72A290E
:107740000FD1D9F8002052F8041BC9F800200029F5
:10775000119103D54942119140F004000AF1010A48
:1077600014E01192DFF8543B0AE01199994205DACE
:1077700001EB810402EB4402303A11920AF1010A52
:107780009AF80020A2F130010A29EED39AF80010ED
:107790002E2903D04FF0FF3210922BE01AF8011F70
:1077A0002A2909D1D9F8001051F8042BC9F8001082
:1077B00010920AF1010A1DE02D2906BF2D220AF1BF
:1077C000010A002200211091DFF8F01A0CE01300EA
:1077D00008D1109B8B4205DA03EB830504EB4504CB
:1077E000303C10940AF1010A9AF80040A4F13003E9
:1077F0000A2BECD3ADF848000FF6C4209AF800101D
:1078000000F094FF08B11AF8010B8DF84A009DF8BA
:107810004A00682805D19AF8000068280CD1622136
:1078200006E06C2804BF9AF800006C2804D171218E
:107830008DF84A100AF1010A1EA808901AF801BB37
:10784000BBF125012DD01C3900F06381091F0229ED
:1078500040F25F810E392AD0491F00F06684093951
:1078600000F05781891E00F0FC84491E00F0A884B6
:10787000491E022940F24D81091F00F0A184491FD1
:1078800000F0BC80491E00F05084491E65D0C91E1E
:1078900021D0891E00F04984C91E00F0468400F002
:1078A000FFBC25238DF87830012109912AE06C2056
:1078B0008DF84A00D9F8000050F8042BC9F80000F0
:1078C000002A43D19DF84B0000283DD04FF0FF34F3
:1078D0000FF6F41012E09DF84A006C28EAD0D9F8AF
:1078E000000050F8044BC9F800000794D4B99DF883
:1078F0004B0098B14FF0FF340FF6E81000F022FF74
:10790000201A07D130981EAA04A900F00CFD002807
:107910007FF5DEAE4FF0FF3000F002BD0FF6E01055
:107920000790EFE7109D002D04D5204600F02AFFB8
:10793000044607E02A46204600F040FF002814BF16
:10794000041B2C460A94DDE70FF6B812309804A900
:1079500000F06FFD0028D5D5DCE7D9F8001051F80C
:10796000040BC9F8001020F00004002121F0FF35BD
:107970001EABCDE904450793DDE9042308993C24B7
:1079800013B90AB91098A8B102F00F053035641E7A
:10799000EEB23A2E08DA120942EA03721B090D55BB
:1079A00008BF002A02D105E02735F4E707980D1932
:1079B000A842E9D308190790C4F13C0210980A9232
:1079C000824209DABDF84810821A4FF6EF70014082
:1079D0000C92ADF8481095E7002893D59DF8480023
:1079E00000F0140010288DD1119B09990C985B1A96
:1079F0001B1A9A1A002A85DD0C9283E79DF84B002A
:107A000020B14FF0FF340FF6001077E79DF84A00E1
:107A1000622862D0682819D06A2840D06C2806D025
:107A200071284DD074282DD07A281ED064E0D9F862
:107A3000001051F8040BC9F8001020B94FF0FF34C2
:107A40000FF640405AE70F9901605BE7D9F8001044
:107A500051F8040BC9F8001020B94FF0FF340FF6AD
:107A600024404BE70F9901804CE7D9F8001051F8FA
:107A7000040BC9F800100028E5D14FF0FF340FF6D1
:107A800004403BE7D9F8001051F8040BC9F8001086
:107A90000028D8D14FF0FF340FF6E8302EE7D9F8A0
:107AA000001051F8040BC9F8001020B94FF0FF3452
:107AB0000FF6D03022E70F9AD317C0E9002321E751
:107AC000D9F8001051F8040BC9F800100028F2D1C1
:107AD0004FF0FF340FF6AC3010E7D9F8001051F832
:107AE000040BC9F8001020B94FF0FF340FF69430A2
:107AF00004E70F99017005E7D9F8001051F8040B5D
:107B0000C9F8001000289ED14FF0FF340FF67430F2
:107B1000F4E6D9F80020D21D22F00702C9F80020AF
:107B2000D2E900010832C9F80020CDE90401C80FEC
:107B300002D009982D210AE0BDF84800810702D53E
:107B400009982B2103E0C00705D5099820211EAA1A
:107B50001154401C09901EA80999DDE904454318F9
:107B60004BF020006128079314AE0BD0109800282A
:107B700002D50620109005E001BF4BF020006728D9
:107B800001211091DDE9040148004015401C0A461E
:107B900011D109030FD0ABF1610703201A2F0A900E
:107BA00002D20FF6F82101E00FF6F4210322184665
:107BB000FAF77AFCA6E650B9120308D1ABF16107D7
:107BC00003201A2F0A9018D30FF6DC21EEE7DDE927
:107BD000040102AA00F01EFECDE904014BF02000D2
:107BE000612811D1079830210170821CBBF1610F0F
:107BF00007920CBF7821582102E00FF6A821D5E7A3
:107C000041700998801C0990DDE9040120F0000210
:107C100031F0004308BF002A02D10025002446E1CC
:107C20004BF02008B8F1610F40F0958010980028C3
:107C300047BF21210391401C0390039F7F1C2046D6
:107C4000294600220023DDE9044500F01BFE0299CD
:107C50008DF8502038BF85F00045091F002F029194
:107C60000DF1510034DD064620462946002200234E
:107C700000F022FE2BD21C2200F038FE04460D46F6
:107C800000F0D2FEFF1F002F804609DD00F0E8FE65
:107C900002460B462046294600F0AAFF04460D4640
:107CA000F01D0721B8F1000F0CDD491E5EBF08F082
:107CB0000F0200F8012D4FEA2818F3D502E0002248
:107CC00000F8012D491EFAD5C61D002FCCDC304628
:107CD0000DF15101401A039905468842C8BF0D466F
:107CE000002D0DF151062FD4854206DA0DF1510019
:107CF000415D0829A8BF0F2000DA0020294614AAF8
:107D00000A4400E06D1E12F80139491E8342F9D081
:107D10000F2804D10DF15100425C521C425400293D
:107D200004D50298001D14AE6D1C0290681E0BD481
:107D300031180A783032D3B23A2BA4BF5A443A3AB7
:107D4000401E01F80129F4D51098002840F1AE80BA
:107D5000691E1091AAE00299DFF8E82847F29750CF
:107D6000414391FBF2F2029225F00045C2F1070275
:107D7000002A04DD2046294600F041FC0BE0524277
:107D80000020DFF8C41800F03AFC02460B462046FB
:107D9000294600F09FFF0446B8F1660F109806BF11
:107DA000029F0A3706273F18142FC8BF1427302018
:107DB0008DF850000D460020DFF89018CDE92E0117
:107DC0000DF15106002F33DD2046294601F0A6F8BB
:107DD00001460A4606F1080304200A26B2FBF6F61D
:107DE00006EB860EA2EB4E02303203F8012C0A227B
:107DF000B6FBF2F202EB820EA6EB4E063036401EC8
:107E000003F8026DE9D1083F002F03F10806D9DD20
:107E1000084601F095F802460B462046294600F038
:107E2000E7FEDDE92E2301F099F804460D46CBE785
:107E30000DF15100301A0DF1510604E00299491E6E
:107E4000401E0291761C31783029F7D0B8F1660FC8
:107E500002D10299491C04E0B8F1650F0CBF012161
:107E60000021109D4D19A842B8BF451E002D1DD4FC
:107E7000854204DA705D3428C8BF392000DC302028
:107E80002946721E531800E06D1E13F80149491E61
:107E90008442F9D0392802D1705C401C705400290A
:107EA00004D50298401C16466D1C0290029C00F0FE
:107EB00037FC406A0778DDF8408028B2002802DCF1
:107EC00001250FF2E8764BF02000662808BF641CFD
:107ED00016D0672846D120B210F1040F48DB404588
:107EE00046DA9DF84800641C010703D428B24045D7
:107EF000D8BF804620B2B8EB000848BF4FF000085A
:107F00000FFA84FB07980A99BBF1000F00F3B380C6
:107F10004A1C0A9230234354B8F1000F03DC9DF849
:107F20004800010704D50A98411C0A9107990F548B
:107F300018EB0B0FB8BFC8F1000424B260420D90DB
:107F4000A0442AB29045B8BF4546079B0A982DB277
:107F50000B952A4631461844FAF7A6FAA8EB050015
:107F60000E90CCE0BBF1610F17D14FF0700B19E010
:107F700028B2404504DA9DF848100A0758BF8046E9
:107F8000B8F1010848BF4FF00008BBF1670F14BFFC
:107F90004FF0450B4FF0650B04E0BBF1410F08BFFC
:107FA0004FF0500B0A98411C0A91B8F1000F079945
:107FB00016F8012B0A5403DC9DF8480001071AD576
:107FC0000A98411C0A91B8F1000F07990F5412DD6D
:107FD0006D1E28B2804507980A9BB8BF45462AB255
:107FE00031461844FAF760FA0A992DB269180A91D5
:107FF000A8EB05000D9007980A99084421B20029C2
:1080000080F800B003D42B224270821C04E02D22A1
:1080100042700C46821C644200212DAB20460AE0CF
:1080200004460A2094FBF0F000EB8005A4EB450425
:1080300003F8014B491C00B20028F1DC012906DCE1
:108040004BF02000652804BF302002F8010B002906
:108050002DAB08D1302002F8010B06E0491E585C18
:10806000303002F8010B0029F8DC07990A9808441F
:10807000121A0B9243E0084429B222B2914219DA53
:108080002AB23146FAF710FA0A992DB269180A9104
:10809000ABEB0500B8F1000F0D9003DC9DF8480034
:1080A000020704D5079847540B99491C0B91CDF84A
:1080B000388024E03146FAF7F7F90A982D1B584426
:1080C000B8F1000F0A9003DC9DF848100A0703D5A9
:1080D000411C0A9107990F5428B2804507980A9BC2
:1080E000B8BF45462AB206EB0B011844FAF7DCF993
:1080F0000A982DB228180A90A8EB05000D909DF85B
:10810000480000F0140010287FF4FCAB099A0A998B
:108110000D988A180B9982180E988A18821811984F
:108120008242BFF6EFAB821A66E49DF84A006228ED
:1081300008D068280ED06A2814D06C281FD0712867
:1081400010D01CE0D9F8001051F8040BC9F8001049
:10815000C0B21AE0D9F8001051F8040BC9F80010A9
:1081600080B212E0D9F80020D21D22F00702C9F82F
:108170000020D2E900010832C9F8002006E0D9F851
:10818000001051F8040BC9F800100021CDE90401DA
:108190009DF8480001075AD5DDE90423002B08BFEC
:1081A000002A54D04BF02000782850D109981EA9FD
:1081B00030220A54401C431C099301F800B046E0E9
:1081C0009DF84A00622808D068280ED06A2814D08A
:1081D0006C281FD0712810D01CE0D9F8001051F87D
:1081E000040BC9F8001040B21AE0D9F8001051F899
:1081F000040BC9F8001000B212E0D9F80020D21D1B
:1082000022F00702C9F80020D2E900010832C9F8BB
:10821000002006E0D9F8001051F8040BC9F800104E
:10822000C117CDE90401002902D509982D210AE0E2
:10823000BDF84800810702D509982B2103E0C0074B
:1082400005D5099820211EAA1154401C09901EA88A
:1082500009990144079104A8594600F04AF9FFF72B
:1082600051BB9DF84A006C280BD001210991D9F827
:10827000000050F8041BC9F800008DF87810FFF7D3
:1082800041BBD9F8000050F8041BC9F80000029166
:108290004FF0FF3210920021039102AAFFF756BB64
:1082A00025210122BBF1000F8DF8781009923FF4CF
:1082B00029AB8DF879B00221FFF7F7BACBCCCC0C03
:1082C000686A6C747A4C00007072696E74665F73D1
:1082D0003A2062616420256C7320617267756D6558
:1082E0006E7400007072696E74665F733A2062612A
:1082F0006420257320617267756D656E74000000DF
:1083000000000000000000007072696E74665F7308
:108310003A20256E20646973616C6C6F7765640028
:1083200031B0BDE8F08F2DE9FC410F46064690467E
:108330007A6B7869396ABC6A121AB869521A796A12
:10834000121AF869521A121A97F83800141B4107CA
:108350000FD42020002C8DF800000ADD25460123D3
:108360006A463946304600F075F900285DD16D1E29
:10837000F5D17B6942463946304600F06BF900285A
:1083800053D130208DF800003D6A002D09DD012316
:108390006A463946304600F05DF9002845D16D1E29
:1083A000F5D1BB69FA683946304600F053F9002828
:1083B0003BD130208DF800007D6A002D08DD0123BF
:1083C0006A463946304600F045F970BB6D1EF6D15D
:1083D000F868B969FB6942183946304600F03AF945
:1083E00018BB30208DF80000BD6A002D08DD012388
:1083F0006A463946304600F02DF9B0B96D1EF6D107
:1084000097F8380041070DD52020002C8DF800008A
:1084100008DD01236A463946304600F01BF920B9D1
:10842000641EF6D10020BDE8F6814FF0FF30BDE8B4
:10843000F6812DE9F8470D46A3B02F6B002F824639
:10844000904648BF6FF0004700F05DFE696B401832
:1084500001AA0021C2E90011812828BF4FF0FF3096
:1084600044D289461EE0A74230DB68692018812883
:108470000BD30021696303AA29465046FFF753FF37
:108480005FEA000922D40020686103AB6E692246CE
:1084900069469819FAF708F8A6196E6158F8040B9E
:1084A000A0B13F1B002F11DDD8F8001001AA6846CB
:1084B00000F034F90446002C05D4D8F80000002858
:1084C000D1D1641ECFD54FF0FF390EE0B9F1000FC6
:1084D000504604D103AA2946FFF725FF8146B9F18A
:1084E000000F02D1002068616863484624B0BDE8EF
:1084F000F0872DE9FC4304466F29256908BF08264B
:1085000005D041F02000782814BF0A2610263C2709
:10851000D4E90023642918BF69299046994605D1FA
:10852000002B03D5D8F1000869EB4909B9F1000F18
:1085300008BFB8F1000F0CD1206B50B9082E3AD10A
:1085400094F83800010736D530203B2785F83B00EA
:1085500031E08DF80010404649463246F31700F0EE
:10856000D7FD3032D0B27F1E3A2801970EDAEA5595
:10857000404649463246F31700F0CAFD80465FEA9E
:10858000010908BFB8F1000F05D108E09DF800000F
:108590001218513AEBE7E068E9198842DBD3082E5C
:1085A00009D194F83800010705D5E85D302802D0DC
:1085B0007F1E3020E855C7F13C02A261E919E16055
:1085C000206B824208DA821A22624FF6EF70218F06
:1085D00001402187BDE8F38300280ED594F83800C8
:1085E00000F01400102808D1636B6169206A5B1ADF
:1085F0001B1A9A1A002AC8BF2262BDE8F3832DE92C
:10860000D04306460F4614464FF00008DFF840906E
:1086100012E0E00707D542464B463046394600F0A7
:108620009DFC06460F464046494642464B4600F0F2
:1086300095FC641080468946002CEAD130463946C4
:10864000BDE8D083A08601000000F03F84D79741A9
:1086500000002440F8B505460E4617461C4600208B
:108660005CB117F8011BB068A847B06030B1F06A80
:10867000401CF0620020641EF3D1F2BD4FF0FF30C9
:10868000F2BD00007072696E74663A206261642007
:10869000256E20617267756D656E74006E616E0087
:1086A0004E414E00696E6600494E460030002E0075
:1086B0001C48704770B45368D41801E05B1C491E15
:1086C000042B08DA00291FBF057804F8015B10F8B5
:1086D000016B002EF2D1536070BC704738B5144660
:1086E0001D4661B1FFF7E6FF61686A6B204690475F
:1086F0006FF00102811A02D0491E01D001E003E0AF
:1087000005E00021616032BD6FF0010032BD4FF025
:10871000FF3032BDDA6B1047024BDFE7014BF9E760
:1087200001487047B40100207C010020C9B20278E2
:108730008A421AB11CBF10F8012FF9E718BF0020B8
:108740007047430080B500B906A005490B681BB10E
:1087500022220021984701E000F0F2FD222002BD14
:1087600080360020636F6E73747261696E74206866
:10877000616E646C65723A20626164206D6573732A
:108780006167650000F10103810704D010F8011B47
:10879000820781B1FAD10268A2F10131914311F04F
:1087A000803104BF50F8042FF6E709BAB1FA81F11D
:1087B00000EBD100401CC01A7047736CC9B283072C
:1087C00006D0521E22D310F8013B9942F7D11FE088
:1087D000083A13D302F1040241EA012141EA0141BE
:1087E00050F8043B121F21BF4B40A3F1013C2CEA7F
:1087F000030C1CF0803FF3D0C9B2001F083210F800
:10880000013B521E28BF91EA030FF8D818BF012080
:10881000401E704710B5144600F002F8226010BDEB
:10882000C1F30A5343B14A0012F5001F28D2A3F244
:10883000FE32A1EB0251704750EA410C20D001F00A
:10884000004C31EA0C01B1FA81F204BFB0FA80F3B6
:10885000D2180B3AB2F120032CBF00FA03F1914079
:1088600041EA0C013EBFC2F1200C20FA0CF319437F
:108870009040524240F2FD33D21A01EB035170474F
:108880000022704741EA030C50EA4C0C52EA0C0CEF
:108890004FF4001C09D307D01CEB410F9CBF1CEB0D
:1088A000430F8B4208BF824270471CEB430FFBD83B
:1088B000994208BF9042704741EA030C50EA4C0CC1
:1088C00052EA0C0C4FF4001C09D307D01CEB410FEB
:1088D0009CBF1CEB430F994208BF904270471CEBB2
:1088E000410FFBD88B4208BF82427047124254D4DA
:1088F00040F2FF7C1CEA11530FD0634531D09B1826
:1089000063453CBF01EB0251704701F0004141EA71
:108910000C510020AFF30080704750EA410320D093
:1089200001F0004C91EA0C011CD0B1FA81F30B3B31
:108930009A420DD9D21A994051EA0C01C3F1200C88
:1089400020FA0CFC61449840531C40F2FF7CD7E7AE
:10895000914041EA0C01C2F1200C20FA0CF31943BA
:1089600090407047B0FA80F31533202BE0D3202AD3
:10897000EED3203A203B9A4209D9D21A00FA03F1E9
:1089800041EA0C010020531C40F2FF7CB8E700FADA
:1089900002F141EA0C0100207047524240F2FF7C94
:1089A0001CEA11530DD06345DBD0B2EB030C3CBF86
:1089B000A1EB025170470CF1010221EA035141F48D
:1089C000801150EA410CCCD001F0004C352A27DC54
:1089D00030B481EA0C01B2F1200309DAC2F12003BC
:1089E000044601FA03F5D0402843D1409C400CE0F6
:1089F000C3F12002450020FA03F418BF44F001043B
:108A000021FA03F091400C43002174F1004550F12C
:108A1000000051EB0C01244230BC7FF47BAF704767
:108A20006146002076E70000C1F30A5340F21E427F
:108A3000D31A0CDDCA0283F3070342EA505242F014
:108A40000042DA4002EBE17282EAE17070476FEABD
:108A5000E17203F2E13008B182F00040704700009B
:108A600010F0004160B148BF4042B0FA80F290403F
:108A7000D21CC2F5846241EA025202EBD0214005C9
:108A800070470000841A71EB030604D26E40001B8D
:108A9000B141121973414FF4001C1CEB410F34BF5C
:108AA0007CEB430683E00C0DA4EB1356362E00F34B
:108AB0007C80012E45EAC32341DC43EA525312BFB6
:108AC000D20292025B08240545EAC12141EA5051D5
:108AD000D2EBC020994125D407D1B0FA80F610FA24
:108AE00006F162D00020203608E0B1FA81F6B140EC
:108AF000C6F1200220FA02F21143B0404FEAF474AA
:108B0000B4EB465434F001064FEA74040AD8D6F5A3
:108B10000016760D04F00044F04061FA06F2504071
:108B2000F1404840C00A40EA415021F0004128BFCE
:108B30005FEA500550F1000044EBD12135E0DB0A3B
:108B400045EAC121C90AB6F120050EDD42EA02421A
:108B5000120CC5F1200603FA06F6EB4042EA0605C0
:108B60006D42984161F100010DE062FA06F5F240B4
:108B7000554063FA06FC82EA0C02F3405A406D420B
:108B8000904161EB030111F4801F05D1641E620561
:108B900002D06D004041494121F48011430875F134
:108BA000004350F1000041EB045170BC70471CEBD6
:108BB000410F15D223F0004352EA43060BD04FEA8F
:108BC0004C0CBCEB410F04D80C0D661E342EB7DDE7
:108BD000EBE7801A994150EA410608BF0021E4E71B
:108BE00008BF1CEB430F28BF6FF00001DDE700005A
:108BF00070B491EA030F4FF000457FF543AF6B402F
:108C0000841A71EB030603D2001BB14112197341A0
:108C10004FF4001C1CEB410F34BF7CEB430442E0DB
:108C20000C0DA4EB1356352E4FDC45EAC323DB0AAB
:108C300045EAC121C912B6F120050DDD63FA05F63A
:108C4000EB4086EA0305124218BF45F00105C01843
:108C500051F100010CD213E062FA06F5F2405540E2
:108C6000F3415A40B340F3405A408018594107D36A
:108C700049085FEA30005FEA350528BF45F0010585
:108C800001F58011420875F1004250F1000041EBFE
:108C900004514E0016F5001F70BC38BF704700200D
:108CA000090D090570471CEB410F10D252EA43062B
:108CB0000BD0BCEB410F05D80C0DAB43661E342E18
:108CC000B6DD02E0AB438018594170BC704770BC00
:108CD00070470000F0B540F2FF7581EA030C0CF01C
:108CE000004C15EA11541DBF15EA1357AC42AF42B0
:108CF000E5E0BC41C1F31301C3F31303801A9941AA
:108D000043F4801304D2641E00184941801859416D
:108D1000C90241EA5051B1FBF3F603FB1611A2FB65
:108D20000675D7EBC020A94102D2761E80185941A2
:108D3000C90241EA5051B1FBF3FE03FB1E11A2FB35
:108D40000E75D7EBC020A94103D2AEF1010E8018F9
:108D50005941890241EA9051760546EA8E2EB1FBCF
:108D6000F3F603FB1611A2FB0675D7EB8020A94191
:108D700002D2761E80185941C90241EA50514EEA8A
:108D8000060EB1FBF3F603FB1611A2FB0675D7EB3B
:108D9000C020A94102D2761E80185941C90241EA79
:108DA0005051B1FBF3F703FB1711A2FB0735D3EBCF
:108DB000C020A94167F100070CBF004247F001073E
:108DC00066F3D5274FEA1E31B80814F5806412DD2A
:108DD000BD0775F1004250EB0E5051EB045111F5F7
:108DE000801F5CBF41EA0C01F0BD4CF07F6141F097
:108DF000E0410020F0BDBD076D0840EA0E5041F48F
:108E00008011D4F10104B4F120060ADAC4F120067D
:108E10000200E04001FA06F3E1401843B240154376
:108E20000EE0342C13DCC6F1200445EA40056D0841
:108E300020FA06F2154321FA06F0A1400D43002165
:108E400075F1004250F1000051EB0C01F0BD002023
:108E50005FEA0C01F0BDCFB992185B41B3FA83F71A
:108E600004BFB2FA82F6BF190B3FB7F120062FBF3D
:108E700002FA06F3BB40C7F1200622FA06F638BF15
:108E80003343BA401CB1E419641E33E77F4231F02A
:108E90000041B1FA81F404BFB0FA80F6A4190B3C8A
:108EA000B4F120062FBF00FA06F1A140C4F120065C
:108EB00020FA06F638BF3143A0403C1B1AE7AC420B
:108EC0001ABF05EA1357AF4212E050EA41061CBF31
:108ED00052EA4306BFE750EA4107304661461CBFED
:108EE00041EA0551F0BD52EA430C08BFC143F0BD51
:108EF00000204FF4001616EB410F98BF16EB430FFE
:108F000008BF16EB410F24BFC14305E016EB430F2A
:108F10000CBF61464CEA0551F0BD0000400D40F227
:108F20001E4C40EAC120BCEB115C40F0004003D471
:108F30008CF30701C84070476FEAE170704700008A
:108F400050B1B0FA80F18840C91CC1F584610905AF
:108F500001EBD021400570470146704730B540F223
:108F6000FF7C1CEA11541DBF1CEA1355644565457E
:108F70003FE0641981EA030C6FF35F530CF0004C7F
:108F800043F48013C90241F0004141EA505EC5023A
:108F90001100A5FB020200284FF00000EEFB0120AB
:108FA0004FF00001E3FB052118BF42F00102401819
:108FB00000214941E3FB0E01A4F580640D0302D2B8
:108FC00092184041494154F1010470DD450872F1A5
:108FD000004250F1000051EB0451A1F5801102D480
:108FE00041EA0C0130BD40F2FF7E4CEA0E510020F8
:108FF00030BD0CEA1355644518BF654581EA030C82
:109000000CF0004C41D050EA410E1CBF52EA430E16
:1090100002E06146002030BD24422C441BD15FEAAF
:10902000050EF6D0090302BF01460020AEF1140E72
:10903000B1FA81F5AEEB050401FA05FE0C35C5F178
:10904000200100FA05F5C8404EEA000E6FF35F53A9
:1090500043F480139CE733F00043B3FA83F504BF75
:10906000B2FA82FE75440B3D641BB5F1200E2FBF92
:1090700002FA0EF3AB40C5F1200E22FA0EFE38BF05
:1090800043EA0E03AA40641C7CE750EA410E14BF79
:1090900052EA430E6FF000014FF4001515EB430F39
:1090A0008EBF194615EB410F9DE7B4D830BDD4F102
:1090B0000104B4F120050FDAC4F12005520828BFDD
:1090C00042F0010210FA05FE01FA05F57244E2BF12
:1090D000E0402843E1400FE0352C9ADCC5F1200444
:1090E00052EA400220FA05F218BF42F0010231FABA
:1090F00005F0A1400A43002172F1004250F1000046
:1091000051EB0C0130BD80B5FFF7D2FA006C02BD07
:10911000BBBBE1B1B2F5803F80F07E80022A1ED950
:109120008C46B1FBF2F102FB11C31B0443EA10436E
:10913000B3FBF2FC02FB1C3380B240EA0343B3FBF7
:10914000F2F002FB103240EA0C4000237047022A82
:1091500005D98446B0FBF2F002FB10C270474AB159
:1091600005D100F0010249085FEA30007047002293
:109170000023704700F0E8B80B0002000021002037
:109180007047904271EB030CF6D3B3F5803F2FD2BA
:10919000F0B5B3FA83F7B1FA81F4A7F10F0E3D1BD6
:1091A0005340CEF1200602FA0EF2F3415340B5F1DE
:1091B0000F0746D80F3C2C444140C4F12006A04084
:1091C000F1414140B1FBF3F603FB1611A2FB06454A
:1091D000001BA94102D2761E8018594180EA010283
:1091E00021FA0EF362FA0EF200215A403046F0BD29
:1091F00030B4B1FBF3FC03FB1C11A2FB0C45001BBC
:10920000A94103D2ACF1010C8018594130BC02468F
:109210000B46604600217047B2F1807F65D3F0B500
:10922000B2FA82F7B1FA81F4C7F10F063D1B22FAB8
:1092300006F307F1110EF24120355A40B5F10F0740
:10924000B8D94140C4F12006A040F1414140B1FBF2
:10925000F3FC03FB1C11A2FB0C45001BA94103D22C
:10926000BCF1010C801859410F2F12D30F3FC903D5
:1092700041EA5041B1FBF3F603FB1611A2FB064590
:10928000D4EBC030A94102D2761E8018594146EA7B
:10929000CC3C07B34140C7F12006B840F141414002
:1092A000B1FBF3F603FB1611A2FB0645001BA94117
:1092B00002D2761E8018594180EA010221FA0EF38B
:1092C000C7F1200462FA0EF20CFA07F05A402CFAA9
:1092D00004F13043F0BD80EA010221FA0EF30021CF
:1092E00062FA0EF260465A40F0BD8C46B1FBF2F1D4
:1092F00002FB11C31B0243EA1063B3FBF2FC02FB47
:109300001C331B024CEA002043EA1063B3FBF2FC5F
:1093100002FB1C331B024CEA002043EA1063B3FB40
:10932000F2FC02FB1C331B024CEA002043EA1063F0
:10933000B3FBF2FC02FB1C324CEA00200023704716
:10934000012000F003B800007047000080B5AFF3C3
:109350000080024A11001820ABBEFBE72600020085
:1093600038B5040000210800C0B2642845DA6D2237
:10937000614B0D00EDB2062045435A555E4A0B0085
:10938000DBB20620434302EB030081710A00D2B234
:10939000322042431212584B0D00EDB206204543D5
:1093A00003EB05000273322202FB01F2524B0D0067
:1093B000EDB20620454303EB050082740A00D2B2E9
:1093C00032204243A2F6B83212124B4B0D00EDB2DE
:1093D0000620454303EB050002760A00D2B2322094
:1093E0004243A2F6B832444B0D00EDB2062045438D
:1093F00003EB05008277491CB5E76420FBF7B8F85A
:109400003E4800780128F8D14FF416713A4800F030
:10941000CBF8F2E738B504000D002900200000F079
:1094200016F831BD80B58AB03549684600F0DAF8E3
:109430006846FFF7A7F9010089B2684600F0B4F862
:109440000BB000BD10B50400FFF7ECFF10BD38B540
:1094500004000D0020782B490978884237D1012D6E
:1094600004D1032123A000F09FF832E0032D30D374
:1094700025480078617888422BD1A0782349097863
:10948000884202D1FFF7CEFF23E0A0781F49497838
:10949000884208D1042D03D32000FFF7D3FF18E042
:1094A00000F018F815E0A0781849897888420BD1A7
:1094B00012480078002803D101201049087008E004
:1094C00000200E49087004E000F004F801E000F00C
:1094D00001F831BD80B58AB00D49684600F082F8C8
:1094E0006846FFF74FF9010089B2684600F05CF862
:1094F0000BB000BD41444300FC2B00208936002006
:1095000064990008BA870008BB870008A099000882
:109510008498000880B500222F493048FDF748FCA8
:109520002F492E48FDF751FC002002BD0020704756
:1095300003001800C0B2002810D001280FD0022864
:109540000ED003280DD004280CD020280BD02128C1
:109550000AD0222809D0232808D008E007E006E036
:1095600005E004E003E002E001E000E0FFE70020A6
:1095700070472DE9F04104000D0021001748FDF768
:1095800024FC1648FDF749FC29681548FFF742FFFF
:109590002E680027DFF848803A0031004046FBF78C
:1095A00045F80020BDE8F081F8B504000D00002664
:1095B0000A48D0F8B872D7F81402002801D0012068
:1095C00009E02A0092B221000448FDF7F1FB0348AC
:1095D000FDF702FCC0B2F2BD602200203829002055
:1095E000781E00200CB430B583B00A4606A902915B
:1095F000044600250194009502AB01A9084878446F
:109600001E30FEF745F8019A157000284EBF04463B
:109610000198041B204603B030BC5DF80CFB00BF72
:1096200073B0FFFF02001220088035487047020027
:10963000042008803348704738B504000D0020002E
:10964000C0B2002805D12A002F493048F9F7B9FEE9
:1096500004E02A002C492D48F9F7B3FE2A4832BD10
:1096600038B504000D002A0027492948F9F7A9FE5A
:10967000254832BD38B504000D001A20288000F0BE
:109680002AF8244832BD38B504000D002000C0B2CD
:10969000002805D12A001C491F48F9F792FE04E072
:1096A0002A0019491C48F9F78CFE174832BD38B515
:1096B00004000D002000C0B2002805D12A00124984
:1096C0001648F9F77EFE04E02A000F491348F9F71F
:1096D00078FE0D4832BD70B5114804681148056820
:1096E000114806683419002C09D008220F492000BF
:1096F00000F020F804220E49280000F01BF870BD8D
:10970000480100205C010020781A00204C990008D4
:1097100090990008600100205899000814990008E9
:10972000E8F7FF1FECF7FF1FF0F7FF1F62010020B3
:109730007201002030B4002400231C001500E4B2A4
:10974000EDB2AC421BD20400240F0A2C07D2040055
:10975000240F30341D00EDB201F8154006E004007E
:10976000240F37341D00EDB201F81540000100242C
:109770001D00EDB201EB45056C705B1CDDE730BCF4
:1097800070470000FEE7FEE7FEE7FEE7FEE77047F2
:1097900080B50748FBF7D5FC01BD80B50548F6F755
:1097A0007FFD01BD80B50448FAF7F0F901BD000066
:1097B000F4340020482600201C34002030B400255A
:1097C00012E050F8042BD30744BF4A44521E091F2D
:1097D000042942F8045BFAD213468C0744BF158073
:1097E0009B1CC90748BF1D7050F8041B0029E8D115
:1097F00030BC704710B5074979441831064C7C4499
:10980000163404E00A68081D114488470146A14245
:10981000F8D110BD500000006C0000003499000821
:109820000000000000000000000000000000000038
:10983000000200001800000000000000000000000E
:109840004099000800000000000000000000000037
:1098500000000000000200000800000000000000FE
:109860000000000059FFFFFF8C34000000020020C0
:1098700000000000DB8CFFFFCE01000004020000AE
:10988000000000207B202272657175657374223A96
:109890002022426164207265717565737422207D97
:1098A0000000000000F00DF8002801D0FFF7A2FF33
:1098B000AFF300800020AFF30080F9F7D7F800F095
:1098C00002F80120704700F001B800000746384652
:1098D000FFF73CFDFBE700000548014603B468467E
:1098E00080F30988AFF30080AFF30080FFF7DAFF61
:1098F000A5EDF5FE02030405060708090A0B0C0D89
:109900000E0F101000000000000000000102030410
:109910000607080943444320496E74657266616313
:10992000650000000148804701480047459A00084B
:10993000D998000864656661756C745461736B0036
:10994000527854785553425461736B00414443201C
:109950005374616E6400000043444320436F6E669D
:1099600069670000426164207265717565737400F7
:10997000000000000102030449444C4500000000BF
:10998000546D722053766300546D725100000000D4
:10999000546C75776573000008000000F0E300E088
:1099A00067736C00FFF7FEBFFFF7FEBFFFF7FEBF58
:1099B000FFF7FEBFFFF7FEBFFFF7FEBFFFF7FEBFDB
:1099C000FFF7FEBFFFF7FEBFFFF7FEBFFFF7FEBFCB
:1099D000FFF7FEBFFFF7FEBFFFF7FEBFFFF7FEBFBB
:1099E000FFF7FEBFFFF7FEBFFFF7FEBFFFF7FEBFAB
:1099F000FFF7FEBFFFF7FEBFFFF7FEBFFFF7FEBF9B
:109A0000FFF7FEBFFFF7FEBFFFF7FEBFFFF7FEBF8A
:109A1000FFF7FEBFFFF7FEBFFFF7FEBFFFF7FEBF7A
:109A2000FFF7FEBFFFF7FEBFFFF7FEBFFFF7FEBF6A
:109A3000FFF7FEBFFFF7FEBFFFF7FEBFFFF7FEBF5A
:109A4000FFF7FEBF704712AA011310000110052492
:109A5000F4000A0600020B1340010510075D6A00BE
:109A600008256B00087704211F132D6D0C90066CE0
:109A70000008F56C00080001126D1822631C110427
:109A8000128104100D09024300020100C0320904D2
:109A9000000001020B101E05240010010524010026
:109AA00001042402020524060001070582030800C0
:109AB0001009040100020A4E1002070501027B2072
:109AC0000107058107F22800442240072281072070
:109AD0000100090744F22C04441003159500082DD9
:109AE000041231041273041003259600082F041287
:109AF000610412390412750412870412AF041212A1
:109B000043100602020040830440577917020345C0
:109B1000F00508040309041A030001F00207268A6D
:109B200000080452FF01E3AE8614240400004287BB
:109B30000008A4F003167C010020000147612AB848
:089B4000434F2A3C2101020100
:04000005080098D97E
:00000001FF
